timestamp_utc,location_id,location,sensor_id,provider,pm25
2026-07-13 16:00:00+00:00,6103913,SD Muhammadiyah 18 Palembang,14439936,AirGradient,38.7
2026-07-13 17:00:00+00:00,6103913,SD Muhammadiyah 18 Palembang,14439936,AirGradient,40.2
2026-07-13 18:00:00+00:00,6103913,SD Muhammadiyah 18 Palembang,14439936,AirGradient,42.9
2026-07-13 19:00:00+00:00,6103913,SD Muhammadiyah 18 Palembang,14439936,AirGradient,40.4
2026-07-13 20:00:00+00:00,6103913,SD Muhammadiyah 18 Palembang,14439936,AirGradient,40.2
2026-07-13 21:00:00+00:00,6103913,SD Muhammadiyah 18 Palembang,14439936,AirGradient,43.6
2026-07-13 22:00:00+00:00,6103913,SD Muhammadiyah 18 Palembang,14439936,AirGradient,39.8
2026-07-13 23:00:00+00:00,6103913,SD Muhammadiyah 18 Palembang,14439936,AirGradient,63.9
2026-07-14 00:00:00+00:00,6103913,SD Muhammadiyah 18 Palembang,14439936,AirGradient,71.7
2026-07-14 01:00:00+00:00,6103913,SD Muhammadiyah 18 Palembang,14439936,AirGradient,76.0
2026-07-14 02:00:00+00:00,6103913,SD Muhammadiyah 18 Palembang,14439936,AirGradient,47.4
2026-07-14 03:00:00+00:00,6103913,SD Muhammadiyah 18 Palembang,14439936,AirGradient,34.9
2026-07-14 04:00:00+00:00,6103913,SD Muhammadiyah 18 Palembang,14439936,AirGradient,30.5
2026-07-14 05:00:00+00:00,6103913,SD Muhammadiyah 18 Palembang,14439936,AirGradient,25.5
2026-07-14 06:00:00+00:00,6103913,SD Muhammadiyah 18 Palembang,14439936,AirGradient,26.8
2026-07-14 07:00:00+00:00,6103913,SD Muhammadiyah 18 Palembang,14439936,AirGradient,28.0
2026-07-14 08:00:00+00:00,6103913,SD Muhammadiyah 18 Palembang,14439936,AirGradient,22.0
2026-07-14 09:00:00+00:00,6103913,SD Muhammadiyah 18 Palembang,14439936,AirGradient,23.5
2026-07-14 10:00:00+00:00,6103913,SD Muhammadiyah 18 Palembang,14439936,AirGradient,24.5
2026-07-14 11:00:00+00:00,6103913,SD Muhammadiyah 18 Palembang,14439936,AirGradient,29.6
2026-07-14 12:00:00+00:00,6103913,SD Muhammadiyah 18 Palembang,14439936,AirGradient,33.4
2026-07-14 13:00:00+00:00,6103913,SD Muhammadiyah 18 Palembang,14439936,AirGradient,24.2
2026-07-14 14:00:00+00:00,6103913,SD Muhammadiyah 18 Palembang,14439936,AirGradient,21.8
2026-07-14 15:00:00+00:00,6103913,SD Muhammadiyah 18 Palembang,14439936,AirGradient,26.5
2026-07-14 16:00:00+00:00,6103913,SD Muhammadiyah 18 Palembang,14439936,AirGradient,23.8
2026-07-14 17:00:00+00:00,6103913,SD Muhammadiyah 18 Palembang,14439936,AirGradient,20.7
2026-07-14 18:00:00+00:00,6103913,SD Muhammadiyah 18 Palembang,14439936,AirGradient,19.5
2026-07-14 19:00:00+00:00,6103913,SD Muhammadiyah 18 Palembang,14439936,AirGradient,20.0
2026-07-14 20:00:00+00:00,6103913,SD Muhammadiyah 18 Palembang,14439936,AirGradient,27.7
2026-07-14 21:00:00+00:00,6103913,SD Muhammadiyah 18 Palembang,14439936,AirGradient,32.7
2026-07-14 22:00:00+00:00,6103913,SD Muhammadiyah 18 Palembang,14439936,AirGradient,41.8
2026-07-14 23:00:00+00:00,6103913,SD Muhammadiyah 18 Palembang,14439936,AirGradient,44.7
2026-07-15 00:00:00+00:00,6103913,SD Muhammadiyah 18 Palembang,14439936,AirGradient,56.7
2026-07-15 01:00:00+00:00,6103913,SD Muhammadiyah 18 Palembang,14439936,AirGradient,50.2
2026-07-15 02:00:00+00:00,6103913,SD Muhammadiyah 18 Palembang,14439936,AirGradient,41.5
2026-07-15 03:00:00+00:00,6103913,SD Muhammadiyah 18 Palembang,14439936,AirGradient,32.9
2026-07-15 04:00:00+00:00,6103913,SD Muhammadiyah 18 Palembang,14439936,AirGradient,35.5
2026-07-15 05:00:00+00:00,6103913,SD Muhammadiyah 18 Palembang,14439936,AirGradient,27.2
2026-07-15 06:00:00+00:00,6103913,SD Muhammadiyah 18 Palembang,14439936,AirGradient,22.3
2026-07-15 07:00:00+00:00,6103913,SD Muhammadiyah 18 Palembang,14439936,AirGradient,19.1
2026-07-15 08:00:00+00:00,6103913,SD Muhammadiyah 18 Palembang,14439936,AirGradient,20.2
2026-07-15 09:00:00+00:00,6103913,SD Muhammadiyah 18 Palembang,14439936,AirGradient,27.1
2026-07-15 10:00:00+00:00,6103913,SD Muhammadiyah 18 Palembang,14439936,AirGradient,57.3
2026-07-15 11:00:00+00:00,6103913,SD Muhammadiyah 18 Palembang,14439936,AirGradient,40.8
2026-07-15 12:00:00+00:00,6103913,SD Muhammadiyah 18 Palembang,14439936,AirGradient,35.8
2026-07-15 13:00:00+00:00,6103913,SD Muhammadiyah 18 Palembang,14439936,AirGradient,27.1
2026-07-15 14:00:00+00:00,6103913,SD Muhammadiyah 18 Palembang,14439936,AirGradient,25.1
2026-07-15 15:00:00+00:00,6103913,SD Muhammadiyah 18 Palembang,14439936,AirGradient,33.7
2026-07-15 16:00:00+00:00,6103913,SD Muhammadiyah 18 Palembang,14439936,AirGradient,45.8
2026-07-15 17:00:00+00:00,6103913,SD Muhammadiyah 18 Palembang,14439936,AirGradient,48.1
2026-07-15 18:00:00+00:00,6103913,SD Muhammadiyah 18 Palembang,14439936,AirGradient,44.8
2026-07-15 19:00:00+00:00,6103913,SD Muhammadiyah 18 Palembang,14439936,AirGradient,45.6
2026-07-15 20:00:00+00:00,6103913,SD Muhammadiyah 18 Palembang,14439936,AirGradient,40.6
2026-07-15 21:00:00+00:00,6103913,SD Muhammadiyah 18 Palembang,14439936,AirGradient,39.6
2026-07-15 22:00:00+00:00,6103913,SD Muhammadiyah 18 Palembang,14439936,AirGradient,38.4
2026-07-15 23:00:00+00:00,6103913,SD Muhammadiyah 18 Palembang,14439936,AirGradient,48.0
2026-07-16 00:00:00+00:00,6103913,SD Muhammadiyah 18 Palembang,14439936,AirGradient,53.9
2026-07-16 01:00:00+00:00,6103913,SD Muhammadiyah 18 Palembang,14439936,AirGradient,47.8
2026-07-16 02:00:00+00:00,6103913,SD Muhammadiyah 18 Palembang,14439936,AirGradient,40.0
2026-07-16 03:00:00+00:00,6103913,SD Muhammadiyah 18 Palembang,14439936,AirGradient,36.8
2026-07-16 04:00:00+00:00,6103913,SD Muhammadiyah 18 Palembang,14439936,AirGradient,34.7
2026-07-16 05:00:00+00:00,6103913,SD Muhammadiyah 18 Palembang,14439936,AirGradient,32.7
2026-07-16 06:00:00+00:00,6103913,SD Muhammadiyah 18 Palembang,14439936,AirGradient,49.4
2026-07-16 07:00:00+00:00,6103913,SD Muhammadiyah 18 Palembang,14439936,AirGradient,50.7
2026-07-16 08:00:00+00:00,6103913,SD Muhammadiyah 18 Palembang,14439936,AirGradient,39.2
2026-07-16 09:00:00+00:00,6103913,SD Muhammadiyah 18 Palembang,14439936,AirGradient,29.6
2026-07-16 10:00:00+00:00,6103913,SD Muhammadiyah 18 Palembang,14439936,AirGradient,22.5
2026-07-16 11:00:00+00:00,6103913,SD Muhammadiyah 18 Palembang,14439936,AirGradient,47.4
2026-07-16 12:00:00+00:00,6103913,SD Muhammadiyah 18 Palembang,14439936,AirGradient,38.1
2026-07-16 13:00:00+00:00,6103913,SD Muhammadiyah 18 Palembang,14439936,AirGradient,38.6
2026-07-16 14:00:00+00:00,6103913,SD Muhammadiyah 18 Palembang,14439936,AirGradient,34.3
2026-07-16 15:00:00+00:00,6103913,SD Muhammadiyah 18 Palembang,14439936,AirGradient,47.8
2026-07-16 16:00:00+00:00,6103913,SD Muhammadiyah 18 Palembang,14439936,AirGradient,31.7
2026-07-16 17:00:00+00:00,6103913,SD Muhammadiyah 18 Palembang,14439936,AirGradient,22.3
2026-07-16 18:00:00+00:00,6103913,SD Muhammadiyah 18 Palembang,14439936,AirGradient,25.8
2026-07-16 19:00:00+00:00,6103913,SD Muhammadiyah 18 Palembang,14439936,AirGradient,19.3
2026-07-16 20:00:00+00:00,6103913,SD Muhammadiyah 18 Palembang,14439936,AirGradient,20.6
2026-07-16 21:00:00+00:00,6103913,SD Muhammadiyah 18 Palembang,14439936,AirGradient,24.9
2026-07-16 22:00:00+00:00,6103913,SD Muhammadiyah 18 Palembang,14439936,AirGradient,32.2
2026-07-16 23:00:00+00:00,6103913,SD Muhammadiyah 18 Palembang,14439936,AirGradient,26.4
2026-07-17 00:00:00+00:00,6103913,SD Muhammadiyah 18 Palembang,14439936,AirGradient,51.8
2026-07-17 01:00:00+00:00,6103913,SD Muhammadiyah 18 Palembang,14439936,AirGradient,52.7
2026-07-17 02:00:00+00:00,6103913,SD Muhammadiyah 18 Palembang,14439936,AirGradient,48.7
2026-07-17 03:00:00+00:00,6103913,SD Muhammadiyah 18 Palembang,14439936,AirGradient,33.8
2026-07-17 04:00:00+00:00,6103913,SD Muhammadiyah 18 Palembang,14439936,AirGradient,32.8
2026-07-17 05:00:00+00:00,6103913,SD Muhammadiyah 18 Palembang,14439936,AirGradient,19.5
2026-07-17 06:00:00+00:00,6103913,SD Muhammadiyah 18 Palembang,14439936,AirGradient,20.2
2026-07-17 07:00:00+00:00,6103913,SD Muhammadiyah 18 Palembang,14439936,AirGradient,17.4
2026-07-17 08:00:00+00:00,6103913,SD Muhammadiyah 18 Palembang,14439936,AirGradient,15.7
2026-07-17 09:00:00+00:00,6103913,SD Muhammadiyah 18 Palembang,14439936,AirGradient,14.0
2026-07-17 10:00:00+00:00,6103913,SD Muhammadiyah 18 Palembang,14439936,AirGradient,13.8
2026-07-17 11:00:00+00:00,6103913,SD Muhammadiyah 18 Palembang,14439936,AirGradient,19.2
2026-07-17 12:00:00+00:00,6103913,SD Muhammadiyah 18 Palembang,14439936,AirGradient,31.0
2026-07-17 13:00:00+00:00,6103913,SD Muhammadiyah 18 Palembang,14439936,AirGradient,20.3
2026-07-17 14:00:00+00:00,6103913,SD Muhammadiyah 18 Palembang,14439936,AirGradient,18.9
2026-07-17 15:00:00+00:00,6103913,SD Muhammadiyah 18 Palembang,14439936,AirGradient,20.2
2026-07-17 16:00:00+00:00,6103913,SD Muhammadiyah 18 Palembang,14439936,AirGradient,22.1
2026-07-17 17:00:00+00:00,6103913,SD Muhammadiyah 18 Palembang,14439936,AirGradient,22.9
2026-07-17 18:00:00+00:00,6103913,SD Muhammadiyah 18 Palembang,14439936,AirGradient,24.1
2026-07-17 19:00:00+00:00,6103913,SD Muhammadiyah 18 Palembang,14439936,AirGradient,24.8
2026-07-17 20:00:00+00:00,6103913,SD Muhammadiyah 18 Palembang,14439936,AirGradient,24.4
2026-07-17 21:00:00+00:00,6103913,SD Muhammadiyah 18 Palembang,14439936,AirGradient,21.1
2026-07-17 22:00:00+00:00,6103913,SD Muhammadiyah 18 Palembang,14439936,AirGradient,33.3
2026-07-17 23:00:00+00:00,6103913,SD Muhammadiyah 18 Palembang,14439936,AirGradient,49.0
2026-07-18 00:00:00+00:00,6103913,SD Muhammadiyah 18 Palembang,14439936,AirGradient,64.7
2026-07-18 01:00:00+00:00,6103913,SD Muhammadiyah 18 Palembang,14439936,AirGradient,76.7
2026-07-18 02:00:00+00:00,6103913,SD Muhammadiyah 18 Palembang,14439936,AirGradient,53.2
2026-07-18 03:00:00+00:00,6103913,SD Muhammadiyah 18 Palembang,14439936,AirGradient,49.3
2026-07-18 04:00:00+00:00,6103913,SD Muhammadiyah 18 Palembang,14439936,AirGradient,40.2
2026-07-18 05:00:00+00:00,6103913,SD Muhammadiyah 18 Palembang,14439936,AirGradient,40.6
2026-07-18 06:00:00+00:00,6103913,SD Muhammadiyah 18 Palembang,14439936,AirGradient,36.6
2026-07-18 07:00:00+00:00,6103913,SD Muhammadiyah 18 Palembang,14439936,AirGradient,36.7
2026-07-18 08:00:00+00:00,6103913,SD Muhammadiyah 18 Palembang,14439936,AirGradient,34.4
2026-07-18 09:00:00+00:00,6103913,SD Muhammadiyah 18 Palembang,14439936,AirGradient,32.7
2026-07-18 10:00:00+00:00,6103913,SD Muhammadiyah 18 Palembang,14439936,AirGradient,43.9
2026-07-18 11:00:00+00:00,6103913,SD Muhammadiyah 18 Palembang,14439936,AirGradient,44.1
2026-07-18 12:00:00+00:00,6103913,SD Muhammadiyah 18 Palembang,14439936,AirGradient,50.9
2026-07-18 13:00:00+00:00,6103913,SD Muhammadiyah 18 Palembang,14439936,AirGradient,45.5
2026-07-18 14:00:00+00:00,6103913,SD Muhammadiyah 18 Palembang,14439936,AirGradient,43.3
2026-07-18 15:00:00+00:00,6103913,SD Muhammadiyah 18 Palembang,14439936,AirGradient,45.7
2026-07-18 16:00:00+00:00,6103913,SD Muhammadiyah 18 Palembang,14439936,AirGradient,44.7
2026-07-18 17:00:00+00:00,6103913,SD Muhammadiyah 18 Palembang,14439936,AirGradient,45.0
2026-07-18 18:00:00+00:00,6103913,SD Muhammadiyah 18 Palembang,14439936,AirGradient,52.7
2026-07-18 19:00:00+00:00,6103913,SD Muhammadiyah 18 Palembang,14439936,AirGradient,49.3
2026-07-18 20:00:00+00:00,6103913,SD Muhammadiyah 18 Palembang,14439936,AirGradient,52.0
2026-07-18 21:00:00+00:00,6103913,SD Muhammadiyah 18 Palembang,14439936,AirGradient,50.9
2026-07-18 22:00:00+00:00,6103913,SD Muhammadiyah 18 Palembang,14439936,AirGradient,73.3
2026-07-18 23:00:00+00:00,6103913,SD Muhammadiyah 18 Palembang,14439936,AirGradient,75.1
2026-07-19 00:00:00+00:00,6103913,SD Muhammadiyah 18 Palembang,14439936,AirGradient,84.1
2026-07-19 01:00:00+00:00,6103913,SD Muhammadiyah 18 Palembang,14439936,AirGradient,100.0
2026-07-19 02:00:00+00:00,6103913,SD Muhammadiyah 18 Palembang,14439936,AirGradient,80.7
2026-07-19 03:00:00+00:00,6103913,SD Muhammadiyah 18 Palembang,14439936,AirGradient,53.9
2026-07-19 04:00:00+00:00,6103913,SD Muhammadiyah 18 Palembang,14439936,AirGradient,44.4
2026-07-19 05:00:00+00:00,6103913,SD Muhammadiyah 18 Palembang,14439936,AirGradient,38.6
2026-07-19 06:00:00+00:00,6103913,SD Muhammadiyah 18 Palembang,14439936,AirGradient,36.6
2026-07-19 07:00:00+00:00,6103913,SD Muhammadiyah 18 Palembang,14439936,AirGradient,39.0
2026-07-19 08:00:00+00:00,6103913,SD Muhammadiyah 18 Palembang,14439936,AirGradient,41.4
2026-07-19 09:00:00+00:00,6103913,SD Muhammadiyah 18 Palembang,14439936,AirGradient,41.1
2026-07-19 10:00:00+00:00,6103913,SD Muhammadiyah 18 Palembang,14439936,AirGradient,43.7
2026-07-19 11:00:00+00:00,6103913,SD Muhammadiyah 18 Palembang,14439936,AirGradient,44.0
2026-07-19 12:00:00+00:00,6103913,SD Muhammadiyah 18 Palembang,14439936,AirGradient,46.6
2026-07-19 13:00:00+00:00,6103913,SD Muhammadiyah 18 Palembang,14439936,AirGradient,42.0
2026-07-19 14:00:00+00:00,6103913,SD Muhammadiyah 18 Palembang,14439936,AirGradient,48.3
2026-07-19 15:00:00+00:00,6103913,SD Muhammadiyah 18 Palembang,14439936,AirGradient,60.2
2026-07-19 16:00:00+00:00,6103913,SD Muhammadiyah 18 Palembang,14439936,AirGradient,51.8
2026-07-19 17:00:00+00:00,6103913,SD Muhammadiyah 18 Palembang,14439936,AirGradient,44.7
2026-07-19 18:00:00+00:00,6103913,SD Muhammadiyah 18 Palembang,14439936,AirGradient,44.4
2026-07-19 19:00:00+00:00,6103913,SD Muhammadiyah 18 Palembang,14439936,AirGradient,77.0
2026-07-19 20:00:00+00:00,6103913,SD Muhammadiyah 18 Palembang,14439936,AirGradient,70.2
2026-07-19 21:00:00+00:00,6103913,SD Muhammadiyah 18 Palembang,14439936,AirGradient,68.6
2026-07-19 22:00:00+00:00,6103913,SD Muhammadiyah 18 Palembang,14439936,AirGradient,60.9
2026-07-19 23:00:00+00:00,6103913,SD Muhammadiyah 18 Palembang,14439936,AirGradient,67.1
2026-07-20 00:00:00+00:00,6103913,SD Muhammadiyah 18 Palembang,14439936,AirGradient,77.6
2026-07-20 01:00:00+00:00,6103913,SD Muhammadiyah 18 Palembang,14439936,AirGradient,105.0
2026-07-20 02:00:00+00:00,6103913,SD Muhammadiyah 18 Palembang,14439936,AirGradient,75.0
2026-07-20 03:00:00+00:00,6103913,SD Muhammadiyah 18 Palembang,14439936,AirGradient,45.9
2026-07-20 04:00:00+00:00,6103913,SD Muhammadiyah 18 Palembang,14439936,AirGradient,43.4
2026-07-20 05:00:00+00:00,6103913,SD Muhammadiyah 18 Palembang,14439936,AirGradient,45.0
2026-07-20 06:00:00+00:00,6103913,SD Muhammadiyah 18 Palembang,14439936,AirGradient,50.1
2026-07-20 07:00:00+00:00,6103913,SD Muhammadiyah 18 Palembang,14439936,AirGradient,48.5
2026-07-20 08:00:00+00:00,6103913,SD Muhammadiyah 18 Palembang,14439936,AirGradient,43.3
2026-07-20 09:00:00+00:00,6103913,SD Muhammadiyah 18 Palembang,14439936,AirGradient,43.5
2026-07-20 10:00:00+00:00,6103913,SD Muhammadiyah 18 Palembang,14439936,AirGradient,45.6
2026-07-20 11:00:00+00:00,6103913,SD Muhammadiyah 18 Palembang,14439936,AirGradient,45.5
2026-07-20 12:00:00+00:00,6103913,SD Muhammadiyah 18 Palembang,14439936,AirGradient,45.8
2026-07-20 13:00:00+00:00,6103913,SD Muhammadiyah 18 Palembang,14439936,AirGradient,41.7
2026-07-20 14:00:00+00:00,6103913,SD Muhammadiyah 18 Palembang,14439936,AirGradient,41.0
2026-07-20 15:00:00+00:00,6103913,SD Muhammadiyah 18 Palembang,14439936,AirGradient,40.8
2026-07-20 16:00:00+00:00,6103913,SD Muhammadiyah 18 Palembang,14439936,AirGradient,39.7
2026-07-20 17:00:00+00:00,6103913,SD Muhammadiyah 18 Palembang,14439936,AirGradient,40.9
2026-07-20 18:00:00+00:00,6103913,SD Muhammadiyah 18 Palembang,14439936,AirGradient,50.0
2026-07-20 19:00:00+00:00,6103913,SD Muhammadiyah 18 Palembang,14439936,AirGradient,57.3
2026-07-20 20:00:00+00:00,6103913,SD Muhammadiyah 18 Palembang,14439936,AirGradient,59.9
2026-07-20 21:00:00+00:00,6103913,SD Muhammadiyah 18 Palembang,14439936,AirGradient,62.0
2026-07-20 22:00:00+00:00,6103913,SD Muhammadiyah 18 Palembang,14439936,AirGradient,59.3
2026-07-20 23:00:00+00:00,6103913,SD Muhammadiyah 18 Palembang,14439936,AirGradient,56.5
2026-07-21 00:00:00+00:00,6103913,SD Muhammadiyah 18 Palembang,14439936,AirGradient,74.8
2026-07-21 01:00:00+00:00,6103913,SD Muhammadiyah 18 Palembang,14439936,AirGradient,88.8
2026-07-21 02:00:00+00:00,6103913,SD Muhammadiyah 18 Palembang,14439936,AirGradient,79.3
2026-07-21 03:00:00+00:00,6103913,SD Muhammadiyah 18 Palembang,14439936,AirGradient,55.4
2026-07-21 04:00:00+00:00,6103913,SD Muhammadiyah 18 Palembang,14439936,AirGradient,45.8
2026-07-21 05:00:00+00:00,6103913,SD Muhammadiyah 18 Palembang,14439936,AirGradient,43.4
2026-07-21 06:00:00+00:00,6103913,SD Muhammadiyah 18 Palembang,14439936,AirGradient,42.8
2026-07-21 07:00:00+00:00,6103913,SD Muhammadiyah 18 Palembang,14439936,AirGradient,41.4
2026-07-21 08:00:00+00:00,6103913,SD Muhammadiyah 18 Palembang,14439936,AirGradient,40.9
2026-07-21 09:00:00+00:00,6103913,SD Muhammadiyah 18 Palembang,14439936,AirGradient,41.6
2026-07-21 10:00:00+00:00,6103913,SD Muhammadiyah 18 Palembang,14439936,AirGradient,38.7
2026-07-21 11:00:00+00:00,6103913,SD Muhammadiyah 18 Palembang,14439936,AirGradient,40.5
2026-07-21 12:00:00+00:00,6103913,SD Muhammadiyah 18 Palembang,14439936,AirGradient,41.3
2026-07-21 13:00:00+00:00,6103913,SD Muhammadiyah 18 Palembang,14439936,AirGradient,36.5
2026-07-21 14:00:00+00:00,6103913,SD Muhammadiyah 18 Palembang,14439936,AirGradient,34.4
2026-07-21 15:00:00+00:00,6103913,SD Muhammadiyah 18 Palembang,14439936,AirGradient,34.8
2026-07-21 16:00:00+00:00,6103913,SD Muhammadiyah 18 Palembang,14439936,AirGradient,33.1
2026-07-21 17:00:00+00:00,6103913,SD Muhammadiyah 18 Palembang,14439936,AirGradient,48.6
2026-07-21 18:00:00+00:00,6103913,SD Muhammadiyah 18 Palembang,14439936,AirGradient,66.9
2026-07-21 19:00:00+00:00,6103913,SD Muhammadiyah 18 Palembang,14439936,AirGradient,45.4
2026-07-21 20:00:00+00:00,6103913,SD Muhammadiyah 18 Palembang,14439936,AirGradient,42.3
2026-07-21 21:00:00+00:00,6103913,SD Muhammadiyah 18 Palembang,14439936,AirGradient,50.6
2026-07-21 22:00:00+00:00,6103913,SD Muhammadiyah 18 Palembang,14439936,AirGradient,45.4
2026-07-21 23:00:00+00:00,6103913,SD Muhammadiyah 18 Palembang,14439936,AirGradient,52.3
2026-07-22 00:00:00+00:00,6103913,SD Muhammadiyah 18 Palembang,14439936,AirGradient,65.8
2026-07-22 01:00:00+00:00,6103913,SD Muhammadiyah 18 Palembang,14439936,AirGradient,60.7
2026-07-22 02:00:00+00:00,6103913,SD Muhammadiyah 18 Palembang,14439936,AirGradient,66.8
2026-07-22 03:00:00+00:00,6103913,SD Muhammadiyah 18 Palembang,14439936,AirGradient,47.8
2026-07-22 04:00:00+00:00,6103913,SD Muhammadiyah 18 Palembang,14439936,AirGradient,48.3
2026-07-22 05:00:00+00:00,6103913,SD Muhammadiyah 18 Palembang,14439936,AirGradient,45.5
2026-07-22 06:00:00+00:00,6103913,SD Muhammadiyah 18 Palembang,14439936,AirGradient,40.4
2026-07-22 07:00:00+00:00,6103913,SD Muhammadiyah 18 Palembang,14439936,AirGradient,41.3
2026-07-22 08:00:00+00:00,6103913,SD Muhammadiyah 18 Palembang,14439936,AirGradient,70.4
2026-07-22 09:00:00+00:00,6103913,SD Muhammadiyah 18 Palembang,14439936,AirGradient,41.2
2026-07-22 10:00:00+00:00,6103913,SD Muhammadiyah 18 Palembang,14439936,AirGradient,39.0
2026-07-22 11:00:00+00:00,6103913,SD Muhammadiyah 18 Palembang,14439936,AirGradient,39.4
2026-07-22 12:00:00+00:00,6103913,SD Muhammadiyah 18 Palembang,14439936,AirGradient,36.9
2026-07-22 13:00:00+00:00,6103913,SD Muhammadiyah 18 Palembang,14439936,AirGradient,42.4
2026-07-22 14:00:00+00:00,6103913,SD Muhammadiyah 18 Palembang,14439936,AirGradient,47.1
2026-07-22 15:00:00+00:00,6103913,SD Muhammadiyah 18 Palembang,14439936,AirGradient,47.8
2026-07-22 16:00:00+00:00,6103913,SD Muhammadiyah 18 Palembang,14439936,AirGradient,44.5
2026-07-22 17:00:00+00:00,6103913,SD Muhammadiyah 18 Palembang,14439936,AirGradient,55.2
2026-07-22 18:00:00+00:00,6103913,SD Muhammadiyah 18 Palembang,14439936,AirGradient,52.0
2026-07-22 19:00:00+00:00,6103913,SD Muhammadiyah 18 Palembang,14439936,AirGradient,54.4
2026-07-22 20:00:00+00:00,6103913,SD Muhammadiyah 18 Palembang,14439936,AirGradient,52.2
2026-07-22 21:00:00+00:00,6103913,SD Muhammadiyah 18 Palembang,14439936,AirGradient,43.5
2026-07-22 22:00:00+00:00,6103913,SD Muhammadiyah 18 Palembang,14439936,AirGradient,42.3
2026-07-22 23:00:00+00:00,6103913,SD Muhammadiyah 18 Palembang,14439936,AirGradient,44.1
2026-07-23 00:00:00+00:00,6103913,SD Muhammadiyah 18 Palembang,14439936,AirGradient,62.2
2026-07-23 01:00:00+00:00,6103913,SD Muhammadiyah 18 Palembang,14439936,AirGradient,66.4
2026-07-23 02:00:00+00:00,6103913,SD Muhammadiyah 18 Palembang,14439936,AirGradient,38.9
2026-07-23 03:00:00+00:00,6103913,SD Muhammadiyah 18 Palembang,14439936,AirGradient,34.9
2026-07-23 04:00:00+00:00,6103913,SD Muhammadiyah 18 Palembang,14439936,AirGradient,31.3
2026-07-23 05:00:00+00:00,6103913,SD Muhammadiyah 18 Palembang,14439936,AirGradient,30.2
2026-07-23 06:00:00+00:00,6103913,SD Muhammadiyah 18 Palembang,14439936,AirGradient,32.4
2026-07-23 07:00:00+00:00,6103913,SD Muhammadiyah 18 Palembang,14439936,AirGradient,32.4
2026-07-23 08:00:00+00:00,6103913,SD Muhammadiyah 18 Palembang,14439936,AirGradient,33.2
2026-07-23 09:00:00+00:00,6103913,SD Muhammadiyah 18 Palembang,14439936,AirGradient,34.1
2026-07-23 10:00:00+00:00,6103913,SD Muhammadiyah 18 Palembang,14439936,AirGradient,39.8
2026-07-23 11:00:00+00:00,6103913,SD Muhammadiyah 18 Palembang,14439936,AirGradient,44.9
2026-07-23 12:00:00+00:00,6103913,SD Muhammadiyah 18 Palembang,14439936,AirGradient,49.5
2026-07-23 13:00:00+00:00,6103913,SD Muhammadiyah 18 Palembang,14439936,AirGradient,42.5
2026-07-23 14:00:00+00:00,6103913,SD Muhammadiyah 18 Palembang,14439936,AirGradient,34.7
2026-07-23 15:00:00+00:00,6103913,SD Muhammadiyah 18 Palembang,14439936,AirGradient,30.9
2026-07-23 16:00:00+00:00,6103913,SD Muhammadiyah 18 Palembang,14439936,AirGradient,31.0
2026-07-23 17:00:00+00:00,6103913,SD Muhammadiyah 18 Palembang,14439936,AirGradient,31.9
2026-07-23 18:00:00+00:00,6103913,SD Muhammadiyah 18 Palembang,14439936,AirGradient,27.9
2026-07-23 19:00:00+00:00,6103913,SD Muhammadiyah 18 Palembang,14439936,AirGradient,33.6
2026-07-23 20:00:00+00:00,6103913,SD Muhammadiyah 18 Palembang,14439936,AirGradient,26.3
2026-07-23 21:00:00+00:00,6103913,SD Muhammadiyah 18 Palembang,14439936,AirGradient,27.7
2026-07-23 22:00:00+00:00,6103913,SD Muhammadiyah 18 Palembang,14439936,AirGradient,32.1
2026-07-23 23:00:00+00:00,6103913,SD Muhammadiyah 18 Palembang,14439936,AirGradient,38.4
2026-07-24 00:00:00+00:00,6103913,SD Muhammadiyah 18 Palembang,14439936,AirGradient,48.0
2026-07-24 01:00:00+00:00,6103913,SD Muhammadiyah 18 Palembang,14439936,AirGradient,102.0
2026-07-24 02:00:00+00:00,6103913,SD Muhammadiyah 18 Palembang,14439936,AirGradient,63.5
2026-07-24 03:00:00+00:00,6103913,SD Muhammadiyah 18 Palembang,14439936,AirGradient,36.5
2026-07-24 04:00:00+00:00,6103913,SD Muhammadiyah 18 Palembang,14439936,AirGradient,28.7
2026-07-24 05:00:00+00:00,6103913,SD Muhammadiyah 18 Palembang,14439936,AirGradient,31.6
2026-07-24 06:00:00+00:00,6103913,SD Muhammadiyah 18 Palembang,14439936,AirGradient,31.0
2026-07-24 07:00:00+00:00,6103913,SD Muhammadiyah 18 Palembang,14439936,AirGradient,30.5
2026-07-24 08:00:00+00:00,6103913,SD Muhammadiyah 18 Palembang,14439936,AirGradient,30.5
2026-07-24 09:00:00+00:00,6103913,SD Muhammadiyah 18 Palembang,14439936,AirGradient,33.2
2026-07-24 10:00:00+00:00,6103913,SD Muhammadiyah 18 Palembang,14439936,AirGradient,38.3
2026-07-24 11:00:00+00:00,6103913,SD Muhammadiyah 18 Palembang,14439936,AirGradient,36.5
2026-07-24 12:00:00+00:00,6103913,SD Muhammadiyah 18 Palembang,14439936,AirGradient,36.8
2026-07-24 13:00:00+00:00,6103913,SD Muhammadiyah 18 Palembang,14439936,AirGradient,33.8
2026-07-24 14:00:00+00:00,6103913,SD Muhammadiyah 18 Palembang,14439936,AirGradient,30.7
2026-07-24 15:00:00+00:00,6103913,SD Muhammadiyah 18 Palembang,14439936,AirGradient,26.2
2026-07-24 16:00:00+00:00,6103913,SD Muhammadiyah 18 Palembang,14439936,AirGradient,30.1
2026-07-24 17:00:00+00:00,6103913,SD Muhammadiyah 18 Palembang,14439936,AirGradient,30.7
2026-07-24 18:00:00+00:00,6103913,SD Muhammadiyah 18 Palembang,14439936,AirGradient,29.5
2026-07-24 19:00:00+00:00,6103913,SD Muhammadiyah 18 Palembang,14439936,AirGradient,21.4
2026-07-24 20:00:00+00:00,6103913,SD Muhammadiyah 18 Palembang,14439936,AirGradient,22.9
2026-07-24 21:00:00+00:00,6103913,SD Muhammadiyah 18 Palembang,14439936,AirGradient,18.8
2026-07-24 22:00:00+00:00,6103913,SD Muhammadiyah 18 Palembang,14439936,AirGradient,29.6
2026-07-24 23:00:00+00:00,6103913,SD Muhammadiyah 18 Palembang,14439936,AirGradient,37.7
2026-07-25 00:00:00+00:00,6103913,SD Muhammadiyah 18 Palembang,14439936,AirGradient,41.4
2026-07-25 01:00:00+00:00,6103913,SD Muhammadiyah 18 Palembang,14439936,AirGradient,42.4
2026-07-25 02:00:00+00:00,6103913,SD Muhammadiyah 18 Palembang,14439936,AirGradient,35.2
2026-07-25 03:00:00+00:00,6103913,SD Muhammadiyah 18 Palembang,14439936,AirGradient,35.0
2026-07-25 04:00:00+00:00,6103913,SD Muhammadiyah 18 Palembang,14439936,AirGradient,32.9
2026-07-25 05:00:00+00:00,6103913,SD Muhammadiyah 18 Palembang,14439936,AirGradient,32.9
2026-07-25 06:00:00+00:00,6103913,SD Muhammadiyah 18 Palembang,14439936,AirGradient,29.9
2026-07-25 07:00:00+00:00,6103913,SD Muhammadiyah 18 Palembang,14439936,AirGradient,30.9
2026-07-25 08:00:00+00:00,6103913,SD Muhammadiyah 18 Palembang,14439936,AirGradient,30.5
2026-07-25 09:00:00+00:00,6103913,SD Muhammadiyah 18 Palembang,14439936,AirGradient,39.5
2026-07-25 10:00:00+00:00,6103913,SD Muhammadiyah 18 Palembang,14439936,AirGradient,37.6
2026-07-25 11:00:00+00:00,6103913,SD Muhammadiyah 18 Palembang,14439936,AirGradient,39.6
2026-07-25 12:00:00+00:00,6103913,SD Muhammadiyah 18 Palembang,14439936,AirGradient,45.3
2026-07-25 13:00:00+00:00,6103913,SD Muhammadiyah 18 Palembang,14439936,AirGradient,32.1
2026-07-25 14:00:00+00:00,6103913,SD Muhammadiyah 18 Palembang,14439936,AirGradient,27.3
2026-07-25 15:00:00+00:00,6103913,SD Muhammadiyah 18 Palembang,14439936,AirGradient,24.3
2026-07-25 16:00:00+00:00,6103913,SD Muhammadiyah 18 Palembang,14439936,AirGradient,30.7
2026-07-25 17:00:00+00:00,6103913,SD Muhammadiyah 18 Palembang,14439936,AirGradient,31.6
2026-07-25 18:00:00+00:00,6103913,SD Muhammadiyah 18 Palembang,14439936,AirGradient,33.8
2026-07-25 19:00:00+00:00,6103913,SD Muhammadiyah 18 Palembang,14439936,AirGradient,32.2
2026-07-25 20:00:00+00:00,6103913,SD Muhammadiyah 18 Palembang,14439936,AirGradient,44.1
2026-07-25 21:00:00+00:00,6103913,SD Muhammadiyah 18 Palembang,14439936,AirGradient,54.2
2026-07-25 22:00:00+00:00,6103913,SD Muhammadiyah 18 Palembang,14439936,AirGradient,41.3
2026-07-25 23:00:00+00:00,6103913,SD Muhammadiyah 18 Palembang,14439936,AirGradient,43.8
2026-07-26 00:00:00+00:00,6103913,SD Muhammadiyah 18 Palembang,14439936,AirGradient,50.0
2026-07-26 01:00:00+00:00,6103913,SD Muhammadiyah 18 Palembang,14439936,AirGradient,51.7
2026-07-26 02:00:00+00:00,6103913,SD Muhammadiyah 18 Palembang,14439936,AirGradient,42.1
2026-07-26 03:00:00+00:00,6103913,SD Muhammadiyah 18 Palembang,14439936,AirGradient,33.4
2026-07-26 04:00:00+00:00,6103913,SD Muhammadiyah 18 Palembang,14439936,AirGradient,26.8
2026-07-26 05:00:00+00:00,6103913,SD Muhammadiyah 18 Palembang,14439936,AirGradient,27.0
2026-07-26 06:00:00+00:00,6103913,SD Muhammadiyah 18 Palembang,14439936,AirGradient,28.5
2026-07-26 07:00:00+00:00,6103913,SD Muhammadiyah 18 Palembang,14439936,AirGradient,35.2
2026-07-26 08:00:00+00:00,6103913,SD Muhammadiyah 18 Palembang,14439936,AirGradient,35.2
2026-07-26 09:00:00+00:00,6103913,SD Muhammadiyah 18 Palembang,14439936,AirGradient,35.0
2026-07-26 10:00:00+00:00,6103913,SD Muhammadiyah 18 Palembang,14439936,AirGradient,32.3
2026-07-26 11:00:00+00:00,6103913,SD Muhammadiyah 18 Palembang,14439936,AirGradient,39.5
2026-07-26 12:00:00+00:00,6103913,SD Muhammadiyah 18 Palembang,14439936,AirGradient,47.2
2026-07-26 13:00:00+00:00,6103913,SD Muhammadiyah 18 Palembang,14439936,AirGradient,42.4
2026-07-26 14:00:00+00:00,6103913,SD Muhammadiyah 18 Palembang,14439936,AirGradient,34.7
2026-07-26 15:00:00+00:00,6103913,SD Muhammadiyah 18 Palembang,14439936,AirGradient,36.6
2026-07-26 16:00:00+00:00,6103913,SD Muhammadiyah 18 Palembang,14439936,AirGradient,35.6
2026-07-26 17:00:00+00:00,6103913,SD Muhammadiyah 18 Palembang,14439936,AirGradient,33.1
2026-07-26 18:00:00+00:00,6103913,SD Muhammadiyah 18 Palembang,14439936,AirGradient,32.6
2026-07-26 19:00:00+00:00,6103913,SD Muhammadiyah 18 Palembang,14439936,AirGradient,34.9
2026-07-26 20:00:00+00:00,6103913,SD Muhammadiyah 18 Palembang,14439936,AirGradient,37.5
2026-07-26 21:00:00+00:00,6103913,SD Muhammadiyah 18 Palembang,14439936,AirGradient,46.2
2026-07-26 22:00:00+00:00,6103913,SD Muhammadiyah 18 Palembang,14439936,AirGradient,48.6
2026-07-26 23:00:00+00:00,6103913,SD Muhammadiyah 18 Palembang,14439936,AirGradient,66.9
2026-07-27 00:00:00+00:00,6103913,SD Muhammadiyah 18 Palembang,14439936,AirGradient,77.1
2026-07-27 01:00:00+00:00,6103913,SD Muhammadiyah 18 Palembang,14439936,AirGradient,85.1
2026-07-27 02:00:00+00:00,6103913,SD Muhammadiyah 18 Palembang,14439936,AirGradient,68.4
2026-07-27 03:00:00+00:00,6103913,SD Muhammadiyah 18 Palembang,14439936,AirGradient,43.8
2026-07-27 04:00:00+00:00,6103913,SD Muhammadiyah 18 Palembang,14439936,AirGradient,36.0
2026-07-27 05:00:00+00:00,6103913,SD Muhammadiyah 18 Palembang,14439936,AirGradient,31.7
2026-07-27 06:00:00+00:00,6103913,SD Muhammadiyah 18 Palembang,14439936,AirGradient,32.2
2026-07-27 07:00:00+00:00,6103913,SD Muhammadiyah 18 Palembang,14439936,AirGradient,32.8
2026-07-27 08:00:00+00:00,6103913,SD Muhammadiyah 18 Palembang,14439936,AirGradient,35.2
2026-07-27 09:00:00+00:00,6103913,SD Muhammadiyah 18 Palembang,14439936,AirGradient,34.2
2026-07-27 10:00:00+00:00,6103913,SD Muhammadiyah 18 Palembang,14439936,AirGradient,36.9
2026-07-27 11:00:00+00:00,6103913,SD Muhammadiyah 18 Palembang,14439936,AirGradient,42.9
2026-07-27 12:00:00+00:00,6103913,SD Muhammadiyah 18 Palembang,14439936,AirGradient,49.3
2026-07-27 13:00:00+00:00,6103913,SD Muhammadiyah 18 Palembang,14439936,AirGradient,41.6
2026-07-27 14:00:00+00:00,6103913,SD Muhammadiyah 18 Palembang,14439936,AirGradient,35.1
2026-07-27 15:00:00+00:00,6103913,SD Muhammadiyah 18 Palembang,14439936,AirGradient,32.1
2026-07-27 16:00:00+00:00,6103913,SD Muhammadiyah 18 Palembang,14439936,AirGradient,30.5
2026-07-27 17:00:00+00:00,6103913,SD Muhammadiyah 18 Palembang,14439936,AirGradient,39.4
2026-07-27 18:00:00+00:00,6103913,SD Muhammadiyah 18 Palembang,14439936,AirGradient,50.0
2026-07-27 19:00:00+00:00,6103913,SD Muhammadiyah 18 Palembang,14439936,AirGradient,48.1
2026-07-27 20:00:00+00:00,6103913,SD Muhammadiyah 18 Palembang,14439936,AirGradient,51.4
2026-07-27 21:00:00+00:00,6103913,SD Muhammadiyah 18 Palembang,14439936,AirGradient,51.0
2026-07-27 22:00:00+00:00,6103913,SD Muhammadiyah 18 Palembang,14439936,AirGradient,50.5
2026-07-27 23:00:00+00:00,6103913,SD Muhammadiyah 18 Palembang,14439936,AirGradient,61.5
2026-07-28 00:00:00+00:00,6103913,SD Muhammadiyah 18 Palembang,14439936,AirGradient,83.6
2026-07-28 01:00:00+00:00,6103913,SD Muhammadiyah 18 Palembang,14439936,AirGradient,92.4
2026-07-28 02:00:00+00:00,6103913,SD Muhammadiyah 18 Palembang,14439936,AirGradient,88.8
2026-07-28 03:00:00+00:00,6103913,SD Muhammadiyah 18 Palembang,14439936,AirGradient,47.9
2026-07-28 04:00:00+00:00,6103913,SD Muhammadiyah 18 Palembang,14439936,AirGradient,36.4
2026-07-28 05:00:00+00:00,6103913,SD Muhammadiyah 18 Palembang,14439936,AirGradient,27.1
2026-07-28 06:00:00+00:00,6103913,SD Muhammadiyah 18 Palembang,14439936,AirGradient,25.1
2026-07-28 07:00:00+00:00,6103913,SD Muhammadiyah 18 Palembang,14439936,AirGradient,26.3
2026-07-28 08:00:00+00:00,6103913,SD Muhammadiyah 18 Palembang,14439936,AirGradient,21.4
2026-07-28 09:00:00+00:00,6103913,SD Muhammadiyah 18 Palembang,14439936,AirGradient,23.9
2026-07-28 10:00:00+00:00,6103913,SD Muhammadiyah 18 Palembang,14439936,AirGradient,24.6
2026-07-28 11:00:00+00:00,6103913,SD Muhammadiyah 18 Palembang,14439936,AirGradient,28.2
2026-07-28 12:00:00+00:00,6103913,SD Muhammadiyah 18 Palembang,14439936,AirGradient,31.2
2026-07-28 13:00:00+00:00,6103913,SD Muhammadiyah 18 Palembang,14439936,AirGradient,28.2
2026-07-28 14:00:00+00:00,6103913,SD Muhammadiyah 18 Palembang,14439936,AirGradient,22.1
2026-07-28 15:00:00+00:00,6103913,SD Muhammadiyah 18 Palembang,14439936,AirGradient,23.6
2026-07-28 16:00:00+00:00,6103913,SD Muhammadiyah 18 Palembang,14439936,AirGradient,22.2
2026-07-28 17:00:00+00:00,6103913,SD Muhammadiyah 18 Palembang,14439936,AirGradient,23.2
2026-07-28 18:00:00+00:00,6103913,SD Muhammadiyah 18 Palembang,14439936,AirGradient,26.3
2026-07-28 19:00:00+00:00,6103913,SD Muhammadiyah 18 Palembang,14439936,AirGradient,22.7
2026-07-28 20:00:00+00:00,6103913,SD Muhammadiyah 18 Palembang,14439936,AirGradient,23.1
2026-07-28 21:00:00+00:00,6103913,SD Muhammadiyah 18 Palembang,14439936,AirGradient,35.7
2026-07-28 22:00:00+00:00,6103913,SD Muhammadiyah 18 Palembang,14439936,AirGradient,39.7
2026-07-28 23:00:00+00:00,6103913,SD Muhammadiyah 18 Palembang,14439936,AirGradient,39.7
2026-07-29 00:00:00+00:00,6103913,SD Muhammadiyah 18 Palembang,14439936,AirGradient,48.5
2026-07-29 01:00:00+00:00,6103913,SD Muhammadiyah 18 Palembang,14439936,AirGradient,51.2
2026-07-29 02:00:00+00:00,6103913,SD Muhammadiyah 18 Palembang,14439936,AirGradient,42.9
2026-07-29 03:00:00+00:00,6103913,SD Muhammadiyah 18 Palembang,14439936,AirGradient,31.4
2026-07-29 04:00:00+00:00,6103913,SD Muhammadiyah 18 Palembang,14439936,AirGradient,25.2
2026-07-29 05:00:00+00:00,6103913,SD Muhammadiyah 18 Palembang,14439936,AirGradient,25.5
2026-07-29 06:00:00+00:00,6103913,SD Muhammadiyah 18 Palembang,14439936,AirGradient,24.6
2026-07-29 07:00:00+00:00,6103913,SD Muhammadiyah 18 Palembang,14439936,AirGradient,25.4
2026-07-29 08:00:00+00:00,6103913,SD Muhammadiyah 18 Palembang,14439936,AirGradient,27.5
2026-07-29 09:00:00+00:00,6103913,SD Muhammadiyah 18 Palembang,14439936,AirGradient,29.4
2026-07-29 10:00:00+00:00,6103913,SD Muhammadiyah 18 Palembang,14439936,AirGradient,25.4
2026-07-29 11:00:00+00:00,6103913,SD Muhammadiyah 18 Palembang,14439936,AirGradient,33.2
2026-07-29 12:00:00+00:00,6103913,SD Muhammadiyah 18 Palembang,14439936,AirGradient,35.1
2026-07-29 13:00:00+00:00,6103913,SD Muhammadiyah 18 Palembang,14439936,AirGradient,31.7
2026-07-29 14:00:00+00:00,6103913,SD Muhammadiyah 18 Palembang,14439936,AirGradient,33.1
2026-07-29 15:00:00+00:00,6103913,SD Muhammadiyah 18 Palembang,14439936,AirGradient,28.7
2026-07-29 16:00:00+00:00,6103913,SD Muhammadiyah 18 Palembang,14439936,AirGradient,24.1
2026-07-29 17:00:00+00:00,6103913,SD Muhammadiyah 18 Palembang,14439936,AirGradient,25.7
2026-07-29 18:00:00+00:00,6103913,SD Muhammadiyah 18 Palembang,14439936,AirGradient,26.6
2026-07-29 19:00:00+00:00,6103913,SD Muhammadiyah 18 Palembang,14439936,AirGradient,30.3
2026-07-29 20:00:00+00:00,6103913,SD Muhammadiyah 18 Palembang,14439936,AirGradient,31.6
2026-07-29 21:00:00+00:00,6103913,SD Muhammadiyah 18 Palembang,14439936,AirGradient,32.9
2026-07-29 22:00:00+00:00,6103913,SD Muhammadiyah 18 Palembang,14439936,AirGradient,41.0
2026-07-29 23:00:00+00:00,6103913,SD Muhammadiyah 18 Palembang,14439936,AirGradient,40.3
2026-07-30 00:00:00+00:00,6103913,SD Muhammadiyah 18 Palembang,14439936,AirGradient,46.5
2026-07-30 01:00:00+00:00,6103913,SD Muhammadiyah 18 Palembang,14439936,AirGradient,49.1
2026-07-30 02:00:00+00:00,6103913,SD Muhammadiyah 18 Palembang,14439936,AirGradient,40.4
2026-07-30 03:00:00+00:00,6103913,SD Muhammadiyah 18 Palembang,14439936,AirGradient,43.4
2026-07-30 04:00:00+00:00,6103913,SD Muhammadiyah 18 Palembang,14439936,AirGradient,34.5
2026-07-30 05:00:00+00:00,6103913,SD Muhammadiyah 18 Palembang,14439936,AirGradient,35.4
2026-07-30 06:00:00+00:00,6103913,SD Muhammadiyah 18 Palembang,14439936,AirGradient,30.2
2026-07-30 07:00:00+00:00,6103913,SD Muhammadiyah 18 Palembang,14439936,AirGradient,27.4
2026-07-30 08:00:00+00:00,6103913,SD Muhammadiyah 18 Palembang,14439936,AirGradient,27.1
2026-07-30 09:00:00+00:00,6103913,SD Muhammadiyah 18 Palembang,14439936,AirGradient,26.2
2026-07-30 10:00:00+00:00,6103913,SD Muhammadiyah 18 Palembang,14439936,AirGradient,25.3
2026-07-30 11:00:00+00:00,6103913,SD Muhammadiyah 18 Palembang,14439936,AirGradient,34.4
2026-07-30 12:00:00+00:00,6103913,SD Muhammadiyah 18 Palembang,14439936,AirGradient,34.5
2026-07-30 13:00:00+00:00,6103913,SD Muhammadiyah 18 Palembang,14439936,AirGradient,28.6
2026-07-30 14:00:00+00:00,6103913,SD Muhammadiyah 18 Palembang,14439936,AirGradient,27.1
2026-07-30 15:00:00+00:00,6103913,SD Muhammadiyah 18 Palembang,14439936,AirGradient,28.5
2026-07-30 16:00:00+00:00,6103913,SD Muhammadiyah 18 Palembang,14439936,AirGradient,28.4
2026-07-30 17:00:00+00:00,6103913,SD Muhammadiyah 18 Palembang,14439936,AirGradient,29.2
2026-07-30 18:00:00+00:00,6103913,SD Muhammadiyah 18 Palembang,14439936,AirGradient,30.3
2026-07-30 19:00:00+00:00,6103913,SD Muhammadiyah 18 Palembang,14439936,AirGradient,28.7
2026-07-30 20:00:00+00:00,6103913,SD Muhammadiyah 18 Palembang,14439936,AirGradient,29.4
2026-07-30 21:00:00+00:00,6103913,SD Muhammadiyah 18 Palembang,14439936,AirGradient,33.4
2026-07-30 22:00:00+00:00,6103913,SD Muhammadiyah 18 Palembang,14439936,AirGradient,38.7
2026-07-30 23:00:00+00:00,6103913,SD Muhammadiyah 18 Palembang,14439936,AirGradient,58.3
2026-07-31 00:00:00+00:00,6103913,SD Muhammadiyah 18 Palembang,14439936,AirGradient,75.6
2026-07-31 01:00:00+00:00,6103913,SD Muhammadiyah 18 Palembang,14439936,AirGradient,70.6
2026-07-31 02:00:00+00:00,6103913,SD Muhammadiyah 18 Palembang,14439936,AirGradient,53.8
2026-07-31 03:00:00+00:00,6103913,SD Muhammadiyah 18 Palembang,14439936,AirGradient,55.5
2026-07-31 04:00:00+00:00,6103913,SD Muhammadiyah 18 Palembang,14439936,AirGradient,32.3
2026-07-31 05:00:00+00:00,6103913,SD Muhammadiyah 18 Palembang,14439936,AirGradient,29.2
2026-07-31 06:00:00+00:00,6103913,SD Muhammadiyah 18 Palembang,14439936,AirGradient,23.4
2026-07-31 07:00:00+00:00,6103913,SD Muhammadiyah 18 Palembang,14439936,AirGradient,21.1
2026-07-31 08:00:00+00:00,6103913,SD Muhammadiyah 18 Palembang,14439936,AirGradient,23.5
2026-07-31 09:00:00+00:00,6103913,SD Muhammadiyah 18 Palembang,14439936,AirGradient,29.3
2026-07-31 10:00:00+00:00,6103913,SD Muhammadiyah 18 Palembang,14439936,AirGradient,28.1
2026-07-31 11:00:00+00:00,6103913,SD Muhammadiyah 18 Palembang,14439936,AirGradient,30.6
2026-07-31 12:00:00+00:00,6103913,SD Muhammadiyah 18 Palembang,14439936,AirGradient,34.4
2026-07-31 13:00:00+00:00,6103913,SD Muhammadiyah 18 Palembang,14439936,AirGradient,36.6
2026-07-31 14:00:00+00:00,6103913,SD Muhammadiyah 18 Palembang,14439936,AirGradient,33.4
2026-07-31 15:00:00+00:00,6103913,SD Muhammadiyah 18 Palembang,14439936,AirGradient,40.8
2026-07-31 16:00:00+00:00,6103913,SD Muhammadiyah 18 Palembang,14439936,AirGradient,47.7
2026-07-31 17:00:00+00:00,6103913,SD Muhammadiyah 18 Palembang,14439936,AirGradient,46.0
2026-07-31 18:00:00+00:00,6103913,SD Muhammadiyah 18 Palembang,14439936,AirGradient,43.2
2026-07-31 19:00:00+00:00,6103913,SD Muhammadiyah 18 Palembang,14439936,AirGradient,43.1
2026-07-31 20:00:00+00:00,6103913,SD Muhammadiyah 18 Palembang,14439936,AirGradient,42.8
2026-07-31 21:00:00+00:00,6103913,SD Muhammadiyah 18 Palembang,14439936,AirGradient,42.1
2026-07-31 22:00:00+00:00,6103913,SD Muhammadiyah 18 Palembang,14439936,AirGradient,44.7
2026-07-31 23:00:00+00:00,6103913,SD Muhammadiyah 18 Palembang,14439936,AirGradient,56.8
2026-08-01 00:00:00+00:00,6103913,SD Muhammadiyah 18 Palembang,14439936,AirGradient,83.7
2026-08-01 01:00:00+00:00,6103913,SD Muhammadiyah 18 Palembang,14439936,AirGradient,68.3
2026-08-01 02:00:00+00:00,6103913,SD Muhammadiyah 18 Palembang,14439936,AirGradient,50.4
2026-08-01 03:00:00+00:00,6103913,SD Muhammadiyah 18 Palembang,14439936,AirGradient,46.2
2026-08-01 04:00:00+00:00,6103913,SD Muhammadiyah 18 Palembang,14439936,AirGradient,41.8
2026-08-01 05:00:00+00:00,6103913,SD Muhammadiyah 18 Palembang,14439936,AirGradient,34.2
2026-08-01 06:00:00+00:00,6103913,SD Muhammadiyah 18 Palembang,14439936,AirGradient,26.2
2026-08-01 07:00:00+00:00,6103913,SD Muhammadiyah 18 Palembang,14439936,AirGradient,25.9
2026-08-01 08:00:00+00:00,6103913,SD Muhammadiyah 18 Palembang,14439936,AirGradient,27.5
2026-08-01 09:00:00+00:00,6103913,SD Muhammadiyah 18 Palembang,14439936,AirGradient,24.2
2026-08-01 10:00:00+00:00,6103913,SD Muhammadiyah 18 Palembang,14439936,AirGradient,26.4
2026-08-01 11:00:00+00:00,6103913,SD Muhammadiyah 18 Palembang,14439936,AirGradient,36.0
2026-08-01 12:00:00+00:00,6103913,SD Muhammadiyah 18 Palembang,14439936,AirGradient,43.1
2026-08-01 13:00:00+00:00,6103913,SD Muhammadiyah 18 Palembang,14439936,AirGradient,48.0
2026-08-01 14:00:00+00:00,6103913,SD Muhammadiyah 18 Palembang,14439936,AirGradient,43.8
2026-08-01 15:00:00+00:00,6103913,SD Muhammadiyah 18 Palembang,14439936,AirGradient,39.8
2026-08-01 16:00:00+00:00,6103913,SD Muhammadiyah 18 Palembang,14439936,AirGradient,37.7
2026-08-01 17:00:00+00:00,6103913,SD Muhammadiyah 18 Palembang,14439936,AirGradient,36.7
2026-08-01 18:00:00+00:00,6103913,SD Muhammadiyah 18 Palembang,14439936,AirGradient,37.6
2026-08-01 19:00:00+00:00,6103913,SD Muhammadiyah 18 Palembang,14439936,AirGradient,39.6
2026-08-01 20:00:00+00:00,6103913,SD Muhammadiyah 18 Palembang,14439936,AirGradient,35.4
2026-08-01 21:00:00+00:00,6103913,SD Muhammadiyah 18 Palembang,14439936,AirGradient,44.4
2026-08-01 22:00:00+00:00,6103913,SD Muhammadiyah 18 Palembang,14439936,AirGradient,50.7
2026-08-01 23:00:00+00:00,6103913,SD Muhammadiyah 18 Palembang,14439936,AirGradient,55.8
2026-08-02 00:00:00+00:00,6103913,SD Muhammadiyah 18 Palembang,14439936,AirGradient,59.6
2026-08-02 01:00:00+00:00,6103913,SD Muhammadiyah 18 Palembang,14439936,AirGradient,87.9
2026-08-02 02:00:00+00:00,6103913,SD Muhammadiyah 18 Palembang,14439936,AirGradient,56.4
2026-08-02 03:00:00+00:00,6103913,SD Muhammadiyah 18 Palembang,14439936,AirGradient,49.2
2026-08-02 04:00:00+00:00,6103913,SD Muhammadiyah 18 Palembang,14439936,AirGradient,40.7
2026-08-02 05:00:00+00:00,6103913,SD Muhammadiyah 18 Palembang,14439936,AirGradient,36.0
2026-08-02 06:00:00+00:00,6103913,SD Muhammadiyah 18 Palembang,14439936,AirGradient,32.4
2026-08-02 07:00:00+00:00,6103913,SD Muhammadiyah 18 Palembang,14439936,AirGradient,30.0
2026-08-02 08:00:00+00:00,6103913,SD Muhammadiyah 18 Palembang,14439936,AirGradient,27.3
2026-08-02 09:00:00+00:00,6103913,SD Muhammadiyah 18 Palembang,14439936,AirGradient,26.0
2026-08-02 10:00:00+00:00,6103913,SD Muhammadiyah 18 Palembang,14439936,AirGradient,31.0
2026-08-02 11:00:00+00:00,6103913,SD Muhammadiyah 18 Palembang,14439936,AirGradient,35.0
2026-08-02 12:00:00+00:00,6103913,SD Muhammadiyah 18 Palembang,14439936,AirGradient,39.3
2026-08-02 13:00:00+00:00,6103913,SD Muhammadiyah 18 Palembang,14439936,AirGradient,33.4
2026-08-02 14:00:00+00:00,6103913,SD Muhammadiyah 18 Palembang,14439936,AirGradient,33.1
2026-08-02 15:00:00+00:00,6103913,SD Muhammadiyah 18 Palembang,14439936,AirGradient,33.6
2026-08-02 16:00:00+00:00,6103913,SD Muhammadiyah 18 Palembang,14439936,AirGradient,35.5
2026-08-02 17:00:00+00:00,6103913,SD Muhammadiyah 18 Palembang,14439936,AirGradient,35.9
2026-08-02 18:00:00+00:00,6103913,SD Muhammadiyah 18 Palembang,14439936,AirGradient,36.2
2026-08-02 19:00:00+00:00,6103913,SD Muhammadiyah 18 Palembang,14439936,AirGradient,36.7
2026-08-02 20:00:00+00:00,6103913,SD Muhammadiyah 18 Palembang,14439936,AirGradient,36.5
2026-08-02 21:00:00+00:00,6103913,SD Muhammadiyah 18 Palembang,14439936,AirGradient,36.9
2026-08-02 22:00:00+00:00,6103913,SD Muhammadiyah 18 Palembang,14439936,AirGradient,33.2
2026-08-02 23:00:00+00:00,6103913,SD Muhammadiyah 18 Palembang,14439936,AirGradient,40.2
2026-08-03 00:00:00+00:00,6103913,SD Muhammadiyah 18 Palembang,14439936,AirGradient,69.4
2026-08-03 01:00:00+00:00,6103913,SD Muhammadiyah 18 Palembang,14439936,AirGradient,42.8
2026-08-03 02:00:00+00:00,6103913,SD Muhammadiyah 18 Palembang,14439936,AirGradient,30.6
2026-08-03 03:00:00+00:00,6103913,SD Muhammadiyah 18 Palembang,14439936,AirGradient,30.3
2026-08-03 04:00:00+00:00,6103913,SD Muhammadiyah 18 Palembang,14439936,AirGradient,29.3
2026-08-03 05:00:00+00:00,6103913,SD Muhammadiyah 18 Palembang,14439936,AirGradient,31.1
2026-08-03 06:00:00+00:00,6103913,SD Muhammadiyah 18 Palembang,14439936,AirGradient,30.8
2026-08-03 07:00:00+00:00,6103913,SD Muhammadiyah 18 Palembang,14439936,AirGradient,27.9
2026-08-03 08:00:00+00:00,6103913,SD Muhammadiyah 18 Palembang,14439936,AirGradient,23.3
2026-08-03 09:00:00+00:00,6103913,SD Muhammadiyah 18 Palembang,14439936,AirGradient,21.3
2026-08-03 10:00:00+00:00,6103913,SD Muhammadiyah 18 Palembang,14439936,AirGradient,24.8
2026-08-03 11:00:00+00:00,6103913,SD Muhammadiyah 18 Palembang,14439936,AirGradient,28.7
2026-08-03 12:00:00+00:00,6103913,SD Muhammadiyah 18 Palembang,14439936,AirGradient,27.8
2026-08-03 13:00:00+00:00,6103913,SD Muhammadiyah 18 Palembang,14439936,AirGradient,18.7
2026-08-03 14:00:00+00:00,6103913,SD Muhammadiyah 18 Palembang,14439936,AirGradient,14.4
2026-08-03 15:00:00+00:00,6103913,SD Muhammadiyah 18 Palembang,14439936,AirGradient,12.6
2026-08-03 16:00:00+00:00,6103913,SD Muhammadiyah 18 Palembang,14439936,AirGradient,12.0
2026-08-03 17:00:00+00:00,6103913,SD Muhammadiyah 18 Palembang,14439936,AirGradient,24.8
2026-08-03 18:00:00+00:00,6103913,SD Muhammadiyah 18 Palembang,14439936,AirGradient,18.6
2026-08-03 19:00:00+00:00,6103913,SD Muhammadiyah 18 Palembang,14439936,AirGradient,22.9
2026-08-03 20:00:00+00:00,6103913,SD Muhammadiyah 18 Palembang,14439936,AirGradient,33.4
2026-08-03 21:00:00+00:00,6103913,SD Muhammadiyah 18 Palembang,14439936,AirGradient,44.8
2026-08-03 22:00:00+00:00,6103913,SD Muhammadiyah 18 Palembang,14439936,AirGradient,43.9
2026-08-03 23:00:00+00:00,6103913,SD Muhammadiyah 18 Palembang,14439936,AirGradient,35.9
2026-08-04 00:00:00+00:00,6103913,SD Muhammadiyah 18 Palembang,14439936,AirGradient,42.8
2026-08-04 01:00:00+00:00,6103913,SD Muhammadiyah 18 Palembang,14439936,AirGradient,42.6
2026-08-04 02:00:00+00:00,6103913,SD Muhammadiyah 18 Palembang,14439936,AirGradient,33.9
2026-08-04 03:00:00+00:00,6103913,SD Muhammadiyah 18 Palembang,14439936,AirGradient,29.6
2026-08-04 04:00:00+00:00,6103913,SD Muhammadiyah 18 Palembang,14439936,AirGradient,27.6
2026-08-04 05:00:00+00:00,6103913,SD Muhammadiyah 18 Palembang,14439936,AirGradient,35.5
2026-08-04 06:00:00+00:00,6103913,SD Muhammadiyah 18 Palembang,14439936,AirGradient,44.1
2026-08-04 07:00:00+00:00,6103913,SD Muhammadiyah 18 Palembang,14439936,AirGradient,38.0
2026-08-04 08:00:00+00:00,6103913,SD Muhammadiyah 18 Palembang,14439936,AirGradient,40.4
2026-08-04 09:00:00+00:00,6103913,SD Muhammadiyah 18 Palembang,14439936,AirGradient,33.1
2026-08-04 10:00:00+00:00,6103913,SD Muhammadiyah 18 Palembang,14439936,AirGradient,32.1
2026-08-04 11:00:00+00:00,6103913,SD Muhammadiyah 18 Palembang,14439936,AirGradient,52.2
2026-08-04 12:00:00+00:00,6103913,SD Muhammadiyah 18 Palembang,14439936,AirGradient,52.0
2026-08-04 13:00:00+00:00,6103913,SD Muhammadiyah 18 Palembang,14439936,AirGradient,35.2
2026-08-04 14:00:00+00:00,6103913,SD Muhammadiyah 18 Palembang,14439936,AirGradient,43.6
2026-08-04 15:00:00+00:00,6103913,SD Muhammadiyah 18 Palembang,14439936,AirGradient,41.8
2026-08-04 16:00:00+00:00,6103913,SD Muhammadiyah 18 Palembang,14439936,AirGradient,24.5
2026-08-04 17:00:00+00:00,6103913,SD Muhammadiyah 18 Palembang,14439936,AirGradient,34.8
2026-08-04 18:00:00+00:00,6103913,SD Muhammadiyah 18 Palembang,14439936,AirGradient,33.5
2026-08-04 19:00:00+00:00,6103913,SD Muhammadiyah 18 Palembang,14439936,AirGradient,29.5
2026-08-04 20:00:00+00:00,6103913,SD Muhammadiyah 18 Palembang,14439936,AirGradient,39.8
2026-08-04 21:00:00+00:00,6103913,SD Muhammadiyah 18 Palembang,14439936,AirGradient,37.9
2026-08-04 22:00:00+00:00,6103913,SD Muhammadiyah 18 Palembang,14439936,AirGradient,42.8
2026-08-04 23:00:00+00:00,6103913,SD Muhammadiyah 18 Palembang,14439936,AirGradient,47.5
2026-08-05 00:00:00+00:00,6103913,SD Muhammadiyah 18 Palembang,14439936,AirGradient,52.6
2026-08-05 01:00:00+00:00,6103913,SD Muhammadiyah 18 Palembang,14439936,AirGradient,60.9
2026-08-05 02:00:00+00:00,6103913,SD Muhammadiyah 18 Palembang,14439936,AirGradient,46.1
2026-08-05 03:00:00+00:00,6103913,SD Muhammadiyah 18 Palembang,14439936,AirGradient,45.4
2026-08-05 04:00:00+00:00,6103913,SD Muhammadiyah 18 Palembang,14439936,AirGradient,42.3
2026-08-05 05:00:00+00:00,6103913,SD Muhammadiyah 18 Palembang,14439936,AirGradient,30.9
2026-08-05 06:00:00+00:00,6103913,SD Muhammadiyah 18 Palembang,14439936,AirGradient,31.0
2026-08-05 07:00:00+00:00,6103913,SD Muhammadiyah 18 Palembang,14439936,AirGradient,35.5
2026-08-05 08:00:00+00:00,6103913,SD Muhammadiyah 18 Palembang,14439936,AirGradient,42.3
2026-08-05 09:00:00+00:00,6103913,SD Muhammadiyah 18 Palembang,14439936,AirGradient,49.5
2026-08-05 10:00:00+00:00,6103913,SD Muhammadiyah 18 Palembang,14439936,AirGradient,53.0
2026-08-05 11:00:00+00:00,6103913,SD Muhammadiyah 18 Palembang,14439936,AirGradient,94.2
2026-08-05 12:00:00+00:00,6103913,SD Muhammadiyah 18 Palembang,14439936,AirGradient,114.0
2026-08-05 13:00:00+00:00,6103913,SD Muhammadiyah 18 Palembang,14439936,AirGradient,75.6
2026-08-05 14:00:00+00:00,6103913,SD Muhammadiyah 18 Palembang,14439936,AirGradient,57.0
2026-08-05 15:00:00+00:00,6103913,SD Muhammadiyah 18 Palembang,14439936,AirGradient,82.8
2026-08-05 16:00:00+00:00,6103913,SD Muhammadiyah 18 Palembang,14439936,AirGradient,243.0
2026-08-05 17:00:00+00:00,6103913,SD Muhammadiyah 18 Palembang,14439936,AirGradient,269.0
2026-08-05 18:00:00+00:00,6103913,SD Muhammadiyah 18 Palembang,14439936,AirGradient,312.0
2026-08-05 19:00:00+00:00,6103913,SD Muhammadiyah 18 Palembang,14439936,AirGradient,287.0
2026-08-05 20:00:00+00:00,6103913,SD Muhammadiyah 18 Palembang,14439936,AirGradient,189.0
2026-08-05 21:00:00+00:00,6103913,SD Muhammadiyah 18 Palembang,14439936,AirGradient,129.0
2026-08-05 22:00:00+00:00,6103913,SD Muhammadiyah 18 Palembang,14439936,AirGradient,92.1
2026-08-05 23:00:00+00:00,6103913,SD Muhammadiyah 18 Palembang,14439936,AirGradient,66.8
2026-08-06 00:00:00+00:00,6103913,SD Muhammadiyah 18 Palembang,14439936,AirGradient,71.1
2026-08-06 01:00:00+00:00,6103913,SD Muhammadiyah 18 Palembang,14439936,AirGradient,94.2
2026-08-06 02:00:00+00:00,6103913,SD Muhammadiyah 18 Palembang,14439936,AirGradient,52.4
2026-08-06 03:00:00+00:00,6103913,SD Muhammadiyah 18 Palembang,14439936,AirGradient,43.1
2026-08-06 04:00:00+00:00,6103913,SD Muhammadiyah 18 Palembang,14439936,AirGradient,33.9
2026-08-06 05:00:00+00:00,6103913,SD Muhammadiyah 18 Palembang,14439936,AirGradient,31.2
2026-08-06 06:00:00+00:00,6103913,SD Muhammadiyah 18 Palembang,14439936,AirGradient,29.5
2026-08-06 07:00:00+00:00,6103913,SD Muhammadiyah 18 Palembang,14439936,AirGradient,35.9
2026-08-06 08:00:00+00:00,6103913,SD Muhammadiyah 18 Palembang,14439936,AirGradient,42.5
2026-08-06 09:00:00+00:00,6103913,SD Muhammadiyah 18 Palembang,14439936,AirGradient,40.4
2026-08-06 10:00:00+00:00,6103913,SD Muhammadiyah 18 Palembang,14439936,AirGradient,54.2
2026-08-06 11:00:00+00:00,6103913,SD Muhammadiyah 18 Palembang,14439936,AirGradient,53.3
2026-08-06 12:00:00+00:00,6103913,SD Muhammadiyah 18 Palembang,14439936,AirGradient,65.8
2026-08-06 13:00:00+00:00,6103913,SD Muhammadiyah 18 Palembang,14439936,AirGradient,46.5
2026-08-06 14:00:00+00:00,6103913,SD Muhammadiyah 18 Palembang,14439936,AirGradient,35.9
2026-08-06 15:00:00+00:00,6103913,SD Muhammadiyah 18 Palembang,14439936,AirGradient,30.3
2026-08-06 16:00:00+00:00,6103913,SD Muhammadiyah 18 Palembang,14439936,AirGradient,31.6
2026-08-06 17:00:00+00:00,6103913,SD Muhammadiyah 18 Palembang,14439936,AirGradient,29.6
2026-08-06 18:00:00+00:00,6103913,SD Muhammadiyah 18 Palembang,14439936,AirGradient,37.1
2026-08-06 19:00:00+00:00,6103913,SD Muhammadiyah 18 Palembang,14439936,AirGradient,73.9
2026-08-06 20:00:00+00:00,6103913,SD Muhammadiyah 18 Palembang,14439936,AirGradient,91.4
2026-08-06 21:00:00+00:00,6103913,SD Muhammadiyah 18 Palembang,14439936,AirGradient,58.2
2026-08-06 22:00:00+00:00,6103913,SD Muhammadiyah 18 Palembang,14439936,AirGradient,49.9
2026-08-06 23:00:00+00:00,6103913,SD Muhammadiyah 18 Palembang,14439936,AirGradient,38.0
2026-08-07 00:00:00+00:00,6103913,SD Muhammadiyah 18 Palembang,14439936,AirGradient,60.1
2026-08-07 01:00:00+00:00,6103913,SD Muhammadiyah 18 Palembang,14439936,AirGradient,57.1
2026-08-07 02:00:00+00:00,6103913,SD Muhammadiyah 18 Palembang,14439936,AirGradient,36.8
2026-08-07 03:00:00+00:00,6103913,SD Muhammadiyah 18 Palembang,14439936,AirGradient,34.1
2026-08-07 04:00:00+00:00,6103913,SD Muhammadiyah 18 Palembang,14439936,AirGradient,46.5
2026-08-07 05:00:00+00:00,6103913,SD Muhammadiyah 18 Palembang,14439936,AirGradient,45.4
2026-08-07 06:00:00+00:00,6103913,SD Muhammadiyah 18 Palembang,14439936,AirGradient,45.8
2026-08-07 07:00:00+00:00,6103913,SD Muhammadiyah 18 Palembang,14439936,AirGradient,36.5
2026-08-07 08:00:00+00:00,6103913,SD Muhammadiyah 18 Palembang,14439936,AirGradient,40.0
2026-08-07 09:00:00+00:00,6103913,SD Muhammadiyah 18 Palembang,14439936,AirGradient,38.4
2026-08-07 10:00:00+00:00,6103913,SD Muhammadiyah 18 Palembang,14439936,AirGradient,40.5
2026-08-07 11:00:00+00:00,6103913,SD Muhammadiyah 18 Palembang,14439936,AirGradient,46.2
2026-08-07 12:00:00+00:00,6103913,SD Muhammadiyah 18 Palembang,14439936,AirGradient,44.3
2026-08-07 13:00:00+00:00,6103913,SD Muhammadiyah 18 Palembang,14439936,AirGradient,51.3
2026-08-07 14:00:00+00:00,6103913,SD Muhammadiyah 18 Palembang,14439936,AirGradient,34.2
2026-08-07 15:00:00+00:00,6103913,SD Muhammadiyah 18 Palembang,14439936,AirGradient,25.4
2026-08-07 16:00:00+00:00,6103913,SD Muhammadiyah 18 Palembang,14439936,AirGradient,28.8
2026-08-07 17:00:00+00:00,6103913,SD Muhammadiyah 18 Palembang,14439936,AirGradient,30.3
2026-08-07 18:00:00+00:00,6103913,SD Muhammadiyah 18 Palembang,14439936,AirGradient,41.1
2026-08-07 19:00:00+00:00,6103913,SD Muhammadiyah 18 Palembang,14439936,AirGradient,44.0
2026-08-07 20:00:00+00:00,6103913,SD Muhammadiyah 18 Palembang,14439936,AirGradient,83.7
2026-08-07 21:00:00+00:00,6103913,SD Muhammadiyah 18 Palembang,14439936,AirGradient,65.7
2026-08-07 22:00:00+00:00,6103913,SD Muhammadiyah 18 Palembang,14439936,AirGradient,90.9
2026-08-07 23:00:00+00:00,6103913,SD Muhammadiyah 18 Palembang,14439936,AirGradient,111.0
2026-08-08 00:00:00+00:00,6103913,SD Muhammadiyah 18 Palembang,14439936,AirGradient,87.8
2026-08-08 01:00:00+00:00,6103913,SD Muhammadiyah 18 Palembang,14439936,AirGradient,73.2
2026-08-08 02:00:00+00:00,6103913,SD Muhammadiyah 18 Palembang,14439936,AirGradient,45.4
2026-08-08 03:00:00+00:00,6103913,SD Muhammadiyah 18 Palembang,14439936,AirGradient,44.7
2026-08-08 04:00:00+00:00,6103913,SD Muhammadiyah 18 Palembang,14439936,AirGradient,44.7
2026-08-08 05:00:00+00:00,6103913,SD Muhammadiyah 18 Palembang,14439936,AirGradient,42.9
2026-08-08 06:00:00+00:00,6103913,SD Muhammadiyah 18 Palembang,14439936,AirGradient,39.6
2026-08-08 07:00:00+00:00,6103913,SD Muhammadiyah 18 Palembang,14439936,AirGradient,45.7
2026-08-08 08:00:00+00:00,6103913,SD Muhammadiyah 18 Palembang,14439936,AirGradient,33.3
2026-08-08 09:00:00+00:00,6103913,SD Muhammadiyah 18 Palembang,14439936,AirGradient,35.4
2026-08-08 10:00:00+00:00,6103913,SD Muhammadiyah 18 Palembang,14439936,AirGradient,40.7
2026-08-08 11:00:00+00:00,6103913,SD Muhammadiyah 18 Palembang,14439936,AirGradient,49.8
2026-08-08 12:00:00+00:00,6103913,SD Muhammadiyah 18 Palembang,14439936,AirGradient,49.8
2026-08-08 13:00:00+00:00,6103913,SD Muhammadiyah 18 Palembang,14439936,AirGradient,42.4
2026-08-08 14:00:00+00:00,6103913,SD Muhammadiyah 18 Palembang,14439936,AirGradient,37.1
2026-08-08 15:00:00+00:00,6103913,SD Muhammadiyah 18 Palembang,14439936,AirGradient,33.7
2026-08-08 16:00:00+00:00,6103913,SD Muhammadiyah 18 Palembang,14439936,AirGradient,39.1
2026-08-08 17:00:00+00:00,6103913,SD Muhammadiyah 18 Palembang,14439936,AirGradient,47.6
2026-08-08 18:00:00+00:00,6103913,SD Muhammadiyah 18 Palembang,14439936,AirGradient,44.5
2026-08-08 19:00:00+00:00,6103913,SD Muhammadiyah 18 Palembang,14439936,AirGradient,39.2
2026-08-08 20:00:00+00:00,6103913,SD Muhammadiyah 18 Palembang,14439936,AirGradient,44.4
2026-08-08 21:00:00+00:00,6103913,SD Muhammadiyah 18 Palembang,14439936,AirGradient,42.3
2026-08-08 22:00:00+00:00,6103913,SD Muhammadiyah 18 Palembang,14439936,AirGradient,74.3
2026-08-08 23:00:00+00:00,6103913,SD Muhammadiyah 18 Palembang,14439936,AirGradient,63.5
2026-08-09 00:00:00+00:00,6103913,SD Muhammadiyah 18 Palembang,14439936,AirGradient,50.8
2026-08-09 01:00:00+00:00,6103913,SD Muhammadiyah 18 Palembang,14439936,AirGradient,51.4
2026-08-09 02:00:00+00:00,6103913,SD Muhammadiyah 18 Palembang,14439936,AirGradient,49.8
2026-08-09 03:00:00+00:00,6103913,SD Muhammadiyah 18 Palembang,14439936,AirGradient,51.6
2026-08-09 04:00:00+00:00,6103913,SD Muhammadiyah 18 Palembang,14439936,AirGradient,56.6
2026-08-09 05:00:00+00:00,6103913,SD Muhammadiyah 18 Palembang,14439936,AirGradient,48.8
2026-08-09 06:00:00+00:00,6103913,SD Muhammadiyah 18 Palembang,14439936,AirGradient,46.2
2026-08-09 07:00:00+00:00,6103913,SD Muhammadiyah 18 Palembang,14439936,AirGradient,49.4
2026-08-09 08:00:00+00:00,6103913,SD Muhammadiyah 18 Palembang,14439936,AirGradient,47.6
2026-08-09 09:00:00+00:00,6103913,SD Muhammadiyah 18 Palembang,14439936,AirGradient,49.6
2026-08-09 10:00:00+00:00,6103913,SD Muhammadiyah 18 Palembang,14439936,AirGradient,54.1
2026-08-09 11:00:00+00:00,6103913,SD Muhammadiyah 18 Palembang,14439936,AirGradient,53.4
2026-08-09 12:00:00+00:00,6103913,SD Muhammadiyah 18 Palembang,14439936,AirGradient,50.5
2026-08-09 13:00:00+00:00,6103913,SD Muhammadiyah 18 Palembang,14439936,AirGradient,41.3
2026-08-09 14:00:00+00:00,6103913,SD Muhammadiyah 18 Palembang,14439936,AirGradient,46.3
2026-08-09 15:00:00+00:00,6103913,SD Muhammadiyah 18 Palembang,14439936,AirGradient,48.3
2026-08-09 16:00:00+00:00,6103913,SD Muhammadiyah 18 Palembang,14439936,AirGradient,46.5
2026-08-09 17:00:00+00:00,6103913,SD Muhammadiyah 18 Palembang,14439936,AirGradient,45.3
2026-08-09 18:00:00+00:00,6103913,SD Muhammadiyah 18 Palembang,14439936,AirGradient,45.7
2026-08-09 19:00:00+00:00,6103913,SD Muhammadiyah 18 Palembang,14439936,AirGradient,44.1
2026-08-09 20:00:00+00:00,6103913,SD Muhammadiyah 18 Palembang,14439936,AirGradient,58.1
2026-08-09 21:00:00+00:00,6103913,SD Muhammadiyah 18 Palembang,14439936,AirGradient,119.0
2026-08-09 22:00:00+00:00,6103913,SD Muhammadiyah 18 Palembang,14439936,AirGradient,76.8
2026-08-09 23:00:00+00:00,6103913,SD Muhammadiyah 18 Palembang,14439936,AirGradient,76.9
2026-08-10 00:00:00+00:00,6103913,SD Muhammadiyah 18 Palembang,14439936,AirGradient,95.9
2026-08-10 01:00:00+00:00,6103913,SD Muhammadiyah 18 Palembang,14439936,AirGradient,74.5
2026-08-10 02:00:00+00:00,6103913,SD Muhammadiyah 18 Palembang,14439936,AirGradient,55.5
2026-08-10 03:00:00+00:00,6103913,SD Muhammadiyah 18 Palembang,14439936,AirGradient,50.7
2026-08-10 04:00:00+00:00,6103913,SD Muhammadiyah 18 Palembang,14439936,AirGradient,53.6
2026-08-10 05:00:00+00:00,6103913,SD Muhammadiyah 18 Palembang,14439936,AirGradient,67.7
2026-08-10 06:00:00+00:00,6103913,SD Muhammadiyah 18 Palembang,14439936,AirGradient,65.0
2026-08-10 07:00:00+00:00,6103913,SD Muhammadiyah 18 Palembang,14439936,AirGradient,59.9
2026-08-10 08:00:00+00:00,6103913,SD Muhammadiyah 18 Palembang,14439936,AirGradient,58.3
2026-08-10 09:00:00+00:00,6103913,SD Muhammadiyah 18 Palembang,14439936,AirGradient,84.1
2026-08-10 10:00:00+00:00,6103913,SD Muhammadiyah 18 Palembang,14439936,AirGradient,79.1
2026-08-10 11:00:00+00:00,6103913,SD Muhammadiyah 18 Palembang,14439936,AirGradient,43.8
2026-08-10 12:00:00+00:00,6103913,SD Muhammadiyah 18 Palembang,14439936,AirGradient,48.2
2026-08-10 13:00:00+00:00,6103913,SD Muhammadiyah 18 Palembang,14439936,AirGradient,48.0
2026-08-10 14:00:00+00:00,6103913,SD Muhammadiyah 18 Palembang,14439936,AirGradient,46.9
2026-08-10 15:00:00+00:00,6103913,SD Muhammadiyah 18 Palembang,14439936,AirGradient,45.4
2026-08-10 16:00:00+00:00,6103913,SD Muhammadiyah 18 Palembang,14439936,AirGradient,45.0
2026-08-10 17:00:00+00:00,6103913,SD Muhammadiyah 18 Palembang,14439936,AirGradient,48.6
2026-08-10 18:00:00+00:00,6103913,SD Muhammadiyah 18 Palembang,14439936,AirGradient,48.2
2026-08-10 19:00:00+00:00,6103913,SD Muhammadiyah 18 Palembang,14439936,AirGradient,48.0
2026-08-10 20:00:00+00:00,6103913,SD Muhammadiyah 18 Palembang,14439936,AirGradient,57.6
2026-08-10 21:00:00+00:00,6103913,SD Muhammadiyah 18 Palembang,14439936,AirGradient,71.2
2026-08-10 22:00:00+00:00,6103913,SD Muhammadiyah 18 Palembang,14439936,AirGradient,151.0
2026-08-10 23:00:00+00:00,6103913,SD Muhammadiyah 18 Palembang,14439936,AirGradient,103.0
2026-08-11 00:00:00+00:00,6103913,SD Muhammadiyah 18 Palembang,14439936,AirGradient,84.6
2026-08-11 01:00:00+00:00,6103913,SD Muhammadiyah 18 Palembang,14439936,AirGradient,76.8
2026-08-11 02:00:00+00:00,6103913,SD Muhammadiyah 18 Palembang,14439936,AirGradient,71.2
2026-08-11 03:00:00+00:00,6103913,SD Muhammadiyah 18 Palembang,14439936,AirGradient,54.0
2026-08-11 04:00:00+00:00,6103913,SD Muhammadiyah 18 Palembang,14439936,AirGradient,48.1
2026-08-11 05:00:00+00:00,6103913,SD Muhammadiyah 18 Palembang,14439936,AirGradient,50.5
2026-08-11 06:00:00+00:00,6103913,SD Muhammadiyah 18 Palembang,14439936,AirGradient,50.9
2026-08-11 07:00:00+00:00,6103913,SD Muhammadiyah 18 Palembang,14439936,AirGradient,51.3
2026-08-11 08:00:00+00:00,6103913,SD Muhammadiyah 18 Palembang,14439936,AirGradient,54.6
2026-08-11 09:00:00+00:00,6103913,SD Muhammadiyah 18 Palembang,14439936,AirGradient,45.4
2026-08-11 10:00:00+00:00,6103913,SD Muhammadiyah 18 Palembang,14439936,AirGradient,50.0
2026-08-11 11:00:00+00:00,6103913,SD Muhammadiyah 18 Palembang,14439936,AirGradient,49.8
2026-08-11 12:00:00+00:00,6103913,SD Muhammadiyah 18 Palembang,14439936,AirGradient,53.2
2026-08-11 13:00:00+00:00,6103913,SD Muhammadiyah 18 Palembang,14439936,AirGradient,45.0
2026-08-11 14:00:00+00:00,6103913,SD Muhammadiyah 18 Palembang,14439936,AirGradient,43.0
2026-08-11 15:00:00+00:00,6103913,SD Muhammadiyah 18 Palembang,14439936,AirGradient,38.9
2026-08-11 16:00:00+00:00,6103913,SD Muhammadiyah 18 Palembang,14439936,AirGradient,37.9
2026-08-11 17:00:00+00:00,6103913,SD Muhammadiyah 18 Palembang,14439936,AirGradient,40.6
2026-08-11 18:00:00+00:00,6103913,SD Muhammadiyah 18 Palembang,14439936,AirGradient,43.3
2026-08-11 19:00:00+00:00,6103913,SD Muhammadiyah 18 Palembang,14439936,AirGradient,44.3
2026-08-11 20:00:00+00:00,6103913,SD Muhammadiyah 18 Palembang,14439936,AirGradient,53.6
2026-08-11 21:00:00+00:00,6103913,SD Muhammadiyah 18 Palembang,14439936,AirGradient,95.6
2026-08-11 22:00:00+00:00,6103913,SD Muhammadiyah 18 Palembang,14439936,AirGradient,85.3
2026-08-11 23:00:00+00:00,6103913,SD Muhammadiyah 18 Palembang,14439936,AirGradient,117.0
2026-08-12 00:00:00+00:00,6103913,SD Muhammadiyah 18 Palembang,14439936,AirGradient,168.0
2026-08-12 01:00:00+00:00,6103913,SD Muhammadiyah 18 Palembang,14439936,AirGradient,163.0
2026-08-12 02:00:00+00:00,6103913,SD Muhammadiyah 18 Palembang,14439936,AirGradient,94.2
2026-08-12 03:00:00+00:00,6103913,SD Muhammadiyah 18 Palembang,14439936,AirGradient,60.6
2026-08-12 04:00:00+00:00,6103913,SD Muhammadiyah 18 Palembang,14439936,AirGradient,51.6
2026-08-12 05:00:00+00:00,6103913,SD Muhammadiyah 18 Palembang,14439936,AirGradient,51.0
2026-08-12 06:00:00+00:00,6103913,SD Muhammadiyah 18 Palembang,14439936,AirGradient,43.4
2026-08-12 07:00:00+00:00,6103913,SD Muhammadiyah 18 Palembang,14439936,AirGradient,35.6
2026-08-12 08:00:00+00:00,6103913,SD Muhammadiyah 18 Palembang,14439936,AirGradient,25.3
2026-08-12 09:00:00+00:00,6103913,SD Muhammadiyah 18 Palembang,14439936,AirGradient,25.1
2026-08-12 10:00:00+00:00,6103913,SD Muhammadiyah 18 Palembang,14439936,AirGradient,28.0
2026-08-12 11:00:00+00:00,6103913,SD Muhammadiyah 18 Palembang,14439936,AirGradient,44.1
2026-08-12 12:00:00+00:00,6103913,SD Muhammadiyah 18 Palembang,14439936,AirGradient,55.6
2026-08-12 13:00:00+00:00,6103913,SD Muhammadiyah 18 Palembang,14439936,AirGradient,46.8
2026-08-12 14:00:00+00:00,6103913,SD Muhammadiyah 18 Palembang,14439936,AirGradient,39.6
2026-08-12 15:00:00+00:00,6103913,SD Muhammadiyah 18 Palembang,14439936,AirGradient,73.6
