datetime,location_id,location_name,sensor_id,pm25,unit
2026-08-29 00:00:00+00:00,6413387,Tabanan,16694904,119.0,µg/m³
2026-08-29 01:00:00+00:00,6413387,Tabanan,16694904,47.3,µg/m³
2026-08-29 02:00:00+00:00,6413387,Tabanan,16694904,52.1,µg/m³
2026-08-29 03:00:00+00:00,6413387,Tabanan,16694904,43.9,µg/m³
2026-08-29 04:00:00+00:00,6413387,Tabanan,16694904,40.0,µg/m³
2026-08-29 05:00:00+00:00,6413387,Tabanan,16694904,35.1,µg/m³
2026-08-29 06:00:00+00:00,6413387,Tabanan,16694904,30.7,µg/m³
2026-08-29 07:00:00+00:00,6413387,Tabanan,16694904,31.7,µg/m³
2026-08-29 08:00:00+00:00,6413387,Tabanan,16694904,32.8,µg/m³
2026-08-29 09:00:00+00:00,6413387,Tabanan,16694904,46.3,µg/m³
2026-08-29 10:00:00+00:00,6413387,Tabanan,16694904,39.7,µg/m³
2026-08-29 11:00:00+00:00,6413387,Tabanan,16694904,41.6,µg/m³
2026-08-29 12:00:00+00:00,6413387,Tabanan,16694904,42.6,µg/m³
2026-08-29 13:00:00+00:00,6413387,Tabanan,16694904,47.1,µg/m³
2026-08-29 14:00:00+00:00,6413387,Tabanan,16694904,44.4,µg/m³
2026-08-29 15:00:00+00:00,6413387,Tabanan,16694904,44.7,µg/m³
2026-08-29 16:00:00+00:00,6413387,Tabanan,16694904,45.9,µg/m³
2026-08-29 17:00:00+00:00,6413387,Tabanan,16694904,58.4,µg/m³
2026-08-29 18:00:00+00:00,6413387,Tabanan,16694904,59.0,µg/m³
2026-08-29 19:00:00+00:00,6413387,Tabanan,16694904,54.5,µg/m³
2026-08-29 20:00:00+00:00,6413387,Tabanan,16694904,48.8,µg/m³
2026-08-29 21:00:00+00:00,6413387,Tabanan,16694904,48.1,µg/m³
2026-08-29 22:00:00+00:00,6413387,Tabanan,16694904,53.8,µg/m³
2026-08-29 23:00:00+00:00,6413387,Tabanan,16694904,92.4,µg/m³
2026-08-30 00:00:00+00:00,6413387,Tabanan,16694904,69.5,µg/m³
2026-08-30 01:00:00+00:00,6413387,Tabanan,16694904,57.1,µg/m³
2026-08-30 02:00:00+00:00,6413387,Tabanan,16694904,39.4,µg/m³
2026-08-30 03:00:00+00:00,6413387,Tabanan,16694904,35.0,µg/m³
2026-08-30 04:00:00+00:00,6413387,Tabanan,16694904,28.1,µg/m³
2026-08-30 05:00:00+00:00,6413387,Tabanan,16694904,20.9,µg/m³
2026-08-30 06:00:00+00:00,6413387,Tabanan,16694904,19.9,µg/m³
2026-08-30 07:00:00+00:00,6413387,Tabanan,16694904,24.1,µg/m³
2026-08-30 08:00:00+00:00,6413387,Tabanan,16694904,27.2,µg/m³
2026-08-30 09:00:00+00:00,6413387,Tabanan,16694904,31.9,µg/m³
2026-08-30 10:00:00+00:00,6413387,Tabanan,16694904,39.7,µg/m³
2026-08-30 11:00:00+00:00,6413387,Tabanan,16694904,50.3,µg/m³
2026-08-30 12:00:00+00:00,6413387,Tabanan,16694904,54.7,µg/m³
2026-08-30 13:00:00+00:00,6413387,Tabanan,16694904,54.9,µg/m³
2026-08-30 14:00:00+00:00,6413387,Tabanan,16694904,59.0,µg/m³
2026-08-30 15:00:00+00:00,6413387,Tabanan,16694904,50.9,µg/m³
2026-08-30 16:00:00+00:00,6413387,Tabanan,16694904,49.3,µg/m³
2026-08-30 17:00:00+00:00,6413387,Tabanan,16694904,48.1,µg/m³
2026-08-30 18:00:00+00:00,6413387,Tabanan,16694904,49.0,µg/m³
2026-08-30 19:00:00+00:00,6413387,Tabanan,16694904,45.6,µg/m³
2026-08-30 20:00:00+00:00,6413387,Tabanan,16694904,40.4,µg/m³
2026-08-30 21:00:00+00:00,6413387,Tabanan,16694904,45.3,µg/m³
2026-08-30 22:00:00+00:00,6413387,Tabanan,16694904,79.5,µg/m³
2026-08-30 23:00:00+00:00,6413387,Tabanan,16694904,111.0,µg/m³
2026-08-31 00:00:00+00:00,6413387,Tabanan,16694904,102.0,µg/m³
2026-08-31 01:00:00+00:00,6413387,Tabanan,16694904,44.5,µg/m³
2026-08-31 02:00:00+00:00,6413387,Tabanan,16694904,36.7,µg/m³
2026-08-31 03:00:00+00:00,6413387,Tabanan,16694904,27.8,µg/m³
2026-08-31 04:00:00+00:00,6413387,Tabanan,16694904,28.0,µg/m³
2026-08-31 05:00:00+00:00,6413387,Tabanan,16694904,21.8,µg/m³
2026-08-31 06:00:00+00:00,6413387,Tabanan,16694904,21.9,µg/m³
2026-08-31 07:00:00+00:00,6413387,Tabanan,16694904,27.2,µg/m³
2026-08-31 08:00:00+00:00,6413387,Tabanan,16694904,31.6,µg/m³
2026-08-31 09:00:00+00:00,6413387,Tabanan,16694904,34.4,µg/m³
2026-08-31 10:00:00+00:00,6413387,Tabanan,16694904,33.9,µg/m³
2026-08-31 11:00:00+00:00,6413387,Tabanan,16694904,36.4,µg/m³
2026-08-31 12:00:00+00:00,6413387,Tabanan,16694904,38.6,µg/m³
2026-08-31 13:00:00+00:00,6413387,Tabanan,16694904,40.3,µg/m³
2026-08-31 14:00:00+00:00,6413387,Tabanan,16694904,43.8,µg/m³
2026-08-31 15:00:00+00:00,6413387,Tabanan,16694904,57.3,µg/m³
2026-08-31 16:00:00+00:00,6413387,Tabanan,16694904,63.1,µg/m³
2026-08-31 17:00:00+00:00,6413387,Tabanan,16694904,56.1,µg/m³
2026-08-31 18:00:00+00:00,6413387,Tabanan,16694904,48.3,µg/m³
2026-08-31 19:00:00+00:00,6413387,Tabanan,16694904,42.3,µg/m³
2026-08-31 20:00:00+00:00,6413387,Tabanan,16694904,39.4,µg/m³
2026-08-31 21:00:00+00:00,6413387,Tabanan,16694904,44.4,µg/m³
2026-08-31 22:00:00+00:00,6413387,Tabanan,16694904,51.0,µg/m³
2026-08-31 23:00:00+00:00,6413387,Tabanan,16694904,85.3,µg/m³
2026-09-01 00:00:00+00:00,6413387,Tabanan,16694904,86.3,µg/m³
2026-09-01 01:00:00+00:00,6413387,Tabanan,16694904,32.0,µg/m³
2026-09-01 02:00:00+00:00,6413387,Tabanan,16694904,26.3,µg/m³
2026-09-01 03:00:00+00:00,6413387,Tabanan,16694904,22.5,µg/m³
2026-09-01 04:00:00+00:00,6413387,Tabanan,16694904,22.4,µg/m³
2026-09-01 05:00:00+00:00,6413387,Tabanan,16694904,20.2,µg/m³
2026-09-01 06:00:00+00:00,6413387,Tabanan,16694904,16.6,µg/m³
2026-09-01 07:00:00+00:00,6413387,Tabanan,16694904,18.9,µg/m³
2026-09-01 08:00:00+00:00,6413387,Tabanan,16694904,20.3,µg/m³
2026-09-01 09:00:00+00:00,6413387,Tabanan,16694904,22.6,µg/m³
2026-09-01 10:00:00+00:00,6413387,Tabanan,16694904,31.5,µg/m³
2026-09-01 11:00:00+00:00,6413387,Tabanan,16694904,28.7,µg/m³
2026-09-01 12:00:00+00:00,6413387,Tabanan,16694904,31.0,µg/m³
2026-09-01 13:00:00+00:00,6413387,Tabanan,16694904,24.7,µg/m³
2026-09-01 14:00:00+00:00,6413387,Tabanan,16694904,22.7,µg/m³
2026-09-01 15:00:00+00:00,6413387,Tabanan,16694904,21.7,µg/m³
2026-09-01 16:00:00+00:00,6413387,Tabanan,16694904,18.9,µg/m³
2026-09-01 17:00:00+00:00,6413387,Tabanan,16694904,26.5,µg/m³
2026-09-01 18:00:00+00:00,6413387,Tabanan,16694904,32.2,µg/m³
2026-09-01 19:00:00+00:00,6413387,Tabanan,16694904,34.3,µg/m³
2026-09-01 20:00:00+00:00,6413387,Tabanan,16694904,37.0,µg/m³
2026-09-01 21:00:00+00:00,6413387,Tabanan,16694904,39.8,µg/m³
2026-09-01 22:00:00+00:00,6413387,Tabanan,16694904,51.8,µg/m³
2026-09-01 23:00:00+00:00,6413387,Tabanan,16694904,67.0,µg/m³
2026-09-02 00:00:00+00:00,6413387,Tabanan,16694904,60.2,µg/m³
2026-09-02 01:00:00+00:00,6413387,Tabanan,16694904,32.5,µg/m³
2026-09-02 02:00:00+00:00,6413387,Tabanan,16694904,29.1,µg/m³
2026-09-02 03:00:00+00:00,6413387,Tabanan,16694904,24.4,µg/m³
2026-09-02 04:00:00+00:00,6413387,Tabanan,16694904,20.5,µg/m³
2026-09-02 05:00:00+00:00,6413387,Tabanan,16694904,15.3,µg/m³
2026-09-02 06:00:00+00:00,6413387,Tabanan,16694904,14.3,µg/m³
2026-09-02 07:00:00+00:00,6413387,Tabanan,16694904,9.7,µg/m³
2026-09-02 08:00:00+00:00,6413387,Tabanan,16694904,14.6,µg/m³
2026-09-02 09:00:00+00:00,6413387,Tabanan,16694904,26.9,µg/m³
2026-09-02 10:00:00+00:00,6413387,Tabanan,16694904,54.7,µg/m³
2026-09-02 11:00:00+00:00,6413387,Tabanan,16694904,34.7,µg/m³
2026-09-02 12:00:00+00:00,6413387,Tabanan,16694904,22.6,µg/m³
2026-09-02 13:00:00+00:00,6413387,Tabanan,16694904,17.1,µg/m³
2026-09-02 14:00:00+00:00,6413387,Tabanan,16694904,16.9,µg/m³
2026-09-02 15:00:00+00:00,6413387,Tabanan,16694904,17.4,µg/m³
2026-09-02 16:00:00+00:00,6413387,Tabanan,16694904,16.0,µg/m³
2026-09-02 17:00:00+00:00,6413387,Tabanan,16694904,24.5,µg/m³
2026-09-02 18:00:00+00:00,6413387,Tabanan,16694904,33.9,µg/m³
2026-09-02 19:00:00+00:00,6413387,Tabanan,16694904,35.2,µg/m³
2026-09-02 20:00:00+00:00,6413387,Tabanan,16694904,37.6,µg/m³
2026-09-02 21:00:00+00:00,6413387,Tabanan,16694904,40.2,µg/m³
2026-09-02 22:00:00+00:00,6413387,Tabanan,16694904,46.2,µg/m³
2026-09-02 23:00:00+00:00,6413387,Tabanan,16694904,54.3,µg/m³
2026-09-03 00:00:00+00:00,6413387,Tabanan,16694904,43.4,µg/m³
2026-09-03 01:00:00+00:00,6413387,Tabanan,16694904,35.5,µg/m³
2026-09-03 02:00:00+00:00,6413387,Tabanan,16694904,24.5,µg/m³
2026-09-03 03:00:00+00:00,6413387,Tabanan,16694904,19.4,µg/m³
2026-09-03 04:00:00+00:00,6413387,Tabanan,16694904,20.6,µg/m³
2026-09-03 05:00:00+00:00,6413387,Tabanan,16694904,17.6,µg/m³
2026-09-03 06:00:00+00:00,6413387,Tabanan,16694904,12.5,µg/m³
2026-09-03 07:00:00+00:00,6413387,Tabanan,16694904,14.6,µg/m³
2026-09-03 08:00:00+00:00,6413387,Tabanan,16694904,11.0,µg/m³
2026-09-03 09:00:00+00:00,6413387,Tabanan,16694904,20.1,µg/m³
2026-09-03 10:00:00+00:00,6413387,Tabanan,16694904,30.3,µg/m³
2026-09-03 11:00:00+00:00,6413387,Tabanan,16694904,20.2,µg/m³
2026-09-03 12:00:00+00:00,6413387,Tabanan,16694904,22.6,µg/m³
2026-09-03 13:00:00+00:00,6413387,Tabanan,16694904,27.7,µg/m³
2026-09-03 14:00:00+00:00,6413387,Tabanan,16694904,30.4,µg/m³
2026-09-03 15:00:00+00:00,6413387,Tabanan,16694904,38.2,µg/m³
2026-09-03 16:00:00+00:00,6413387,Tabanan,16694904,43.8,µg/m³
2026-09-03 17:00:00+00:00,6413387,Tabanan,16694904,41.2,µg/m³
2026-09-03 18:00:00+00:00,6413387,Tabanan,16694904,30.9,µg/m³
2026-09-03 19:00:00+00:00,6413387,Tabanan,16694904,21.7,µg/m³
2026-09-03 20:00:00+00:00,6413387,Tabanan,16694904,33.5,µg/m³
2026-09-03 21:00:00+00:00,6413387,Tabanan,16694904,40.1,µg/m³
2026-09-03 22:00:00+00:00,6413387,Tabanan,16694904,51.0,µg/m³
2026-09-03 23:00:00+00:00,6413387,Tabanan,16694904,71.1,µg/m³
2026-09-04 00:00:00+00:00,6413387,Tabanan,16694904,34.3,µg/m³
2026-09-04 01:00:00+00:00,6413387,Tabanan,16694904,27.4,µg/m³
2026-09-04 02:00:00+00:00,6413387,Tabanan,16694904,24.2,µg/m³
2026-09-04 03:00:00+00:00,6413387,Tabanan,16694904,18.2,µg/m³
2026-09-04 04:00:00+00:00,6413387,Tabanan,16694904,16.4,µg/m³
2026-09-04 05:00:00+00:00,6413387,Tabanan,16694904,15.1,µg/m³
2026-09-04 06:00:00+00:00,6413387,Tabanan,16694904,17.0,µg/m³
2026-09-04 07:00:00+00:00,6413387,Tabanan,16694904,19.6,µg/m³
2026-09-04 08:00:00+00:00,6413387,Tabanan,16694904,24.7,µg/m³
2026-09-04 09:00:00+00:00,6413387,Tabanan,16694904,41.8,µg/m³
2026-09-04 10:00:00+00:00,6413387,Tabanan,16694904,52.6,µg/m³
2026-09-04 11:00:00+00:00,6413387,Tabanan,16694904,46.7,µg/m³
2026-09-04 12:00:00+00:00,6413387,Tabanan,16694904,38.3,µg/m³
2026-09-04 13:00:00+00:00,6413387,Tabanan,16694904,34.5,µg/m³
2026-09-04 14:00:00+00:00,6413387,Tabanan,16694904,39.0,µg/m³
2026-09-04 15:00:00+00:00,6413387,Tabanan,16694904,40.8,µg/m³
2026-09-04 16:00:00+00:00,6413387,Tabanan,16694904,44.1,µg/m³
2026-09-04 17:00:00+00:00,6413387,Tabanan,16694904,42.0,µg/m³
2026-09-04 18:00:00+00:00,6413387,Tabanan,16694904,34.1,µg/m³
2026-09-04 19:00:00+00:00,6413387,Tabanan,16694904,32.1,µg/m³
2026-09-04 20:00:00+00:00,6413387,Tabanan,16694904,26.1,µg/m³
2026-09-04 21:00:00+00:00,6413387,Tabanan,16694904,36.0,µg/m³
2026-09-04 22:00:00+00:00,6413387,Tabanan,16694904,53.4,µg/m³
2026-09-04 23:00:00+00:00,6413387,Tabanan,16694904,66.2,µg/m³
2026-09-05 00:00:00+00:00,6413387,Tabanan,16694904,63.8,µg/m³
2026-09-05 01:00:00+00:00,6413387,Tabanan,16694904,33.7,µg/m³
2026-09-05 02:00:00+00:00,6413387,Tabanan,16694904,13.6,µg/m³
2026-09-05 03:00:00+00:00,6413387,Tabanan,16694904,16.6,µg/m³
2026-09-05 04:00:00+00:00,6413387,Tabanan,16694904,9.6,µg/m³
2026-09-05 05:00:00+00:00,6413387,Tabanan,16694904,7.5,µg/m³
2026-09-05 06:00:00+00:00,6413387,Tabanan,16694904,7.3,µg/m³
2026-09-05 07:00:00+00:00,6413387,Tabanan,16694904,5.4,µg/m³
2026-09-05 08:00:00+00:00,6413387,Tabanan,16694904,9.7,µg/m³
2026-09-05 09:00:00+00:00,6413387,Tabanan,16694904,16.3,µg/m³
2026-09-05 10:00:00+00:00,6413387,Tabanan,16694904,41.2,µg/m³
2026-09-05 11:00:00+00:00,6413387,Tabanan,16694904,40.3,µg/m³
2026-09-05 12:00:00+00:00,6413387,Tabanan,16694904,29.4,µg/m³
2026-09-05 13:00:00+00:00,6413387,Tabanan,16694904,28.3,µg/m³
2026-09-05 14:00:00+00:00,6413387,Tabanan,16694904,33.2,µg/m³
2026-09-05 15:00:00+00:00,6413387,Tabanan,16694904,41.2,µg/m³
2026-09-05 16:00:00+00:00,6413387,Tabanan,16694904,42.8,µg/m³
2026-09-05 17:00:00+00:00,6413387,Tabanan,16694904,35.0,µg/m³
2026-09-05 18:00:00+00:00,6413387,Tabanan,16694904,34.6,µg/m³
2026-09-05 19:00:00+00:00,6413387,Tabanan,16694904,28.9,µg/m³
2026-09-05 20:00:00+00:00,6413387,Tabanan,16694904,28.7,µg/m³
2026-09-05 21:00:00+00:00,6413387,Tabanan,16694904,30.4,µg/m³
2026-09-05 22:00:00+00:00,6413387,Tabanan,16694904,46.0,µg/m³
2026-09-05 23:00:00+00:00,6413387,Tabanan,16694904,67.5,µg/m³
2026-09-06 00:00:00+00:00,6413387,Tabanan,16694904,77.6,µg/m³
2026-09-06 01:00:00+00:00,6413387,Tabanan,16694904,42.8,µg/m³
2026-09-06 02:00:00+00:00,6413387,Tabanan,16694904,38.4,µg/m³
2026-09-06 03:00:00+00:00,6413387,Tabanan,16694904,20.6,µg/m³
2026-09-06 04:00:00+00:00,6413387,Tabanan,16694904,12.3,µg/m³
2026-09-06 05:00:00+00:00,6413387,Tabanan,16694904,16.0,µg/m³
2026-09-06 06:00:00+00:00,6413387,Tabanan,16694904,15.5,µg/m³
2026-09-06 07:00:00+00:00,6413387,Tabanan,16694904,14.9,µg/m³
2026-09-06 08:00:00+00:00,6413387,Tabanan,16694904,22.0,µg/m³
2026-09-06 09:00:00+00:00,6413387,Tabanan,16694904,30.9,µg/m³
2026-09-06 10:00:00+00:00,6413387,Tabanan,16694904,28.7,µg/m³
2026-09-06 11:00:00+00:00,6413387,Tabanan,16694904,30.2,µg/m³
2026-09-06 12:00:00+00:00,6413387,Tabanan,16694904,18.4,µg/m³
2026-09-06 13:00:00+00:00,6413387,Tabanan,16694904,23.0,µg/m³
2026-09-06 14:00:00+00:00,6413387,Tabanan,16694904,29.6,µg/m³
2026-09-06 15:00:00+00:00,6413387,Tabanan,16694904,30.4,µg/m³
2026-09-06 16:00:00+00:00,6413387,Tabanan,16694904,33.0,µg/m³
2026-09-06 17:00:00+00:00,6413387,Tabanan,16694904,31.2,µg/m³
2026-09-06 18:00:00+00:00,6413387,Tabanan,16694904,32.2,µg/m³
2026-09-06 19:00:00+00:00,6413387,Tabanan,16694904,35.4,µg/m³
2026-09-06 20:00:00+00:00,6413387,Tabanan,16694904,33.0,µg/m³
2026-09-06 21:00:00+00:00,6413387,Tabanan,16694904,32.9,µg/m³
2026-09-06 22:00:00+00:00,6413387,Tabanan,16694904,42.8,µg/m³
2026-09-06 23:00:00+00:00,6413387,Tabanan,16694904,55.7,µg/m³
2026-09-07 00:00:00+00:00,6413387,Tabanan,16694904,52.0,µg/m³
2026-09-07 01:00:00+00:00,6413387,Tabanan,16694904,38.6,µg/m³
2026-09-07 02:00:00+00:00,6413387,Tabanan,16694904,25.7,µg/m³
2026-09-07 03:00:00+00:00,6413387,Tabanan,16694904,26.5,µg/m³
2026-09-07 04:00:00+00:00,6413387,Tabanan,16694904,12.6,µg/m³
2026-09-07 05:00:00+00:00,6413387,Tabanan,16694904,10.3,µg/m³
2026-09-07 06:00:00+00:00,6413387,Tabanan,16694904,15.1,µg/m³
2026-09-07 07:00:00+00:00,6413387,Tabanan,16694904,12.4,µg/m³
2026-09-07 08:00:00+00:00,6413387,Tabanan,16694904,27.8,µg/m³
2026-09-07 09:00:00+00:00,6413387,Tabanan,16694904,29.5,µg/m³
2026-09-07 10:00:00+00:00,6413387,Tabanan,16694904,37.4,µg/m³
2026-09-07 11:00:00+00:00,6413387,Tabanan,16694904,29.4,µg/m³
2026-09-07 12:00:00+00:00,6413387,Tabanan,16694904,27.5,µg/m³
2026-09-07 13:00:00+00:00,6413387,Tabanan,16694904,81.2,µg/m³
2026-09-07 14:00:00+00:00,6413387,Tabanan,16694904,11.7,µg/m³
2026-09-07 15:00:00+00:00,6413387,Tabanan,16694904,9.9,µg/m³
2026-09-07 16:00:00+00:00,6413387,Tabanan,16694904,13.4,µg/m³
2026-09-07 17:00:00+00:00,6413387,Tabanan,16694904,12.7,µg/m³
2026-09-07 18:00:00+00:00,6413387,Tabanan,16694904,12.7,µg/m³
2026-09-07 19:00:00+00:00,6413387,Tabanan,16694904,13.6,µg/m³
2026-09-07 20:00:00+00:00,6413387,Tabanan,16694904,26.1,µg/m³
2026-09-07 21:00:00+00:00,6413387,Tabanan,16694904,26.9,µg/m³
2026-09-07 22:00:00+00:00,6413387,Tabanan,16694904,43.6,µg/m³
2026-09-07 23:00:00+00:00,6413387,Tabanan,16694904,60.3,µg/m³
2026-09-08 00:00:00+00:00,6413387,Tabanan,16694904,35.2,µg/m³
2026-09-08 01:00:00+00:00,6413387,Tabanan,16694904,27.4,µg/m³
2026-09-08 02:00:00+00:00,6413387,Tabanan,16694904,33.9,µg/m³
2026-09-08 03:00:00+00:00,6413387,Tabanan,16694904,22.0,µg/m³
2026-09-08 04:00:00+00:00,6413387,Tabanan,16694904,16.1,µg/m³
2026-09-08 05:00:00+00:00,6413387,Tabanan,16694904,33.8,µg/m³
2026-09-08 06:00:00+00:00,6413387,Tabanan,16694904,12.7,µg/m³
2026-09-08 07:00:00+00:00,6413387,Tabanan,16694904,11.3,µg/m³
2026-09-08 08:00:00+00:00,6413387,Tabanan,16694904,11.4,µg/m³
2026-09-08 09:00:00+00:00,6413387,Tabanan,16694904,22.7,µg/m³
2026-09-08 10:00:00+00:00,6413387,Tabanan,16694904,31.8,µg/m³
2026-09-08 11:00:00+00:00,6413387,Tabanan,16694904,20.3,µg/m³
2026-09-08 12:00:00+00:00,6413387,Tabanan,16694904,13.1,µg/m³
2026-09-08 13:00:00+00:00,6413387,Tabanan,16694904,12.7,µg/m³
2026-09-08 14:00:00+00:00,6413387,Tabanan,16694904,16.5,µg/m³
2026-09-08 15:00:00+00:00,6413387,Tabanan,16694904,10.8,µg/m³
2026-09-08 16:00:00+00:00,6413387,Tabanan,16694904,12.5,µg/m³
2026-09-08 17:00:00+00:00,6413387,Tabanan,16694904,8.7,µg/m³
2026-09-08 18:00:00+00:00,6413387,Tabanan,16694904,11.0,µg/m³
2026-09-08 19:00:00+00:00,6413387,Tabanan,16694904,10.4,µg/m³
2026-09-08 20:00:00+00:00,6413387,Tabanan,16694904,9.4,µg/m³
2026-09-08 21:00:00+00:00,6413387,Tabanan,16694904,21.6,µg/m³
2026-09-08 22:00:00+00:00,6413387,Tabanan,16694904,26.9,µg/m³
2026-09-08 23:00:00+00:00,6413387,Tabanan,16694904,41.5,µg/m³
2026-09-09 00:00:00+00:00,6413387,Tabanan,16694904,24.5,µg/m³
2026-09-09 01:00:00+00:00,6413387,Tabanan,16694904,14.9,µg/m³
2026-09-09 02:00:00+00:00,6413387,Tabanan,16694904,17.3,µg/m³
2026-09-09 03:00:00+00:00,6413387,Tabanan,16694904,12.8,µg/m³
2026-09-09 04:00:00+00:00,6413387,Tabanan,16694904,10.8,µg/m³
2026-09-09 05:00:00+00:00,6413387,Tabanan,16694904,9.6,µg/m³
2026-09-09 06:00:00+00:00,6413387,Tabanan,16694904,13.8,µg/m³
2026-09-09 07:00:00+00:00,6413387,Tabanan,16694904,11.8,µg/m³
2026-09-09 08:00:00+00:00,6413387,Tabanan,16694904,14.9,µg/m³
2026-09-09 09:00:00+00:00,6413387,Tabanan,16694904,16.0,µg/m³
2026-09-09 10:00:00+00:00,6413387,Tabanan,16694904,31.6,µg/m³
2026-09-09 11:00:00+00:00,6413387,Tabanan,16694904,33.4,µg/m³
2026-09-09 12:00:00+00:00,6413387,Tabanan,16694904,24.7,µg/m³
2026-09-09 13:00:00+00:00,6413387,Tabanan,16694904,18.6,µg/m³
2026-09-09 14:00:00+00:00,6413387,Tabanan,16694904,14.2,µg/m³
2026-09-09 15:00:00+00:00,6413387,Tabanan,16694904,15.4,µg/m³
2026-09-09 16:00:00+00:00,6413387,Tabanan,16694904,17.8,µg/m³
2026-09-09 17:00:00+00:00,6413387,Tabanan,16694904,20.6,µg/m³
2026-09-09 18:00:00+00:00,6413387,Tabanan,16694904,22.2,µg/m³
2026-09-09 19:00:00+00:00,6413387,Tabanan,16694904,22.3,µg/m³
2026-09-09 20:00:00+00:00,6413387,Tabanan,16694904,25.8,µg/m³
2026-09-09 21:00:00+00:00,6413387,Tabanan,16694904,30.2,µg/m³
2026-09-09 22:00:00+00:00,6413387,Tabanan,16694904,55.8,µg/m³
2026-09-09 23:00:00+00:00,6413387,Tabanan,16694904,68.4,µg/m³
2026-09-10 00:00:00+00:00,6413387,Tabanan,16694904,43.2,µg/m³
2026-09-10 01:00:00+00:00,6413387,Tabanan,16694904,32.9,µg/m³
2026-09-10 02:00:00+00:00,6413387,Tabanan,16694904,22.6,µg/m³
2026-09-10 03:00:00+00:00,6413387,Tabanan,16694904,32.5,µg/m³
2026-09-10 04:00:00+00:00,6413387,Tabanan,16694904,22.8,µg/m³
2026-09-10 05:00:00+00:00,6413387,Tabanan,16694904,22.3,µg/m³
2026-09-10 06:00:00+00:00,6413387,Tabanan,16694904,18.9,µg/m³
2026-09-10 07:00:00+00:00,6413387,Tabanan,16694904,18.2,µg/m³
2026-09-10 08:00:00+00:00,6413387,Tabanan,16694904,21.7,µg/m³
2026-09-10 09:00:00+00:00,6413387,Tabanan,16694904,43.0,µg/m³
2026-09-10 10:00:00+00:00,6413387,Tabanan,16694904,42.1,µg/m³
2026-09-10 11:00:00+00:00,6413387,Tabanan,16694904,32.5,µg/m³
2026-09-10 12:00:00+00:00,6413387,Tabanan,16694904,33.0,µg/m³
2026-09-10 13:00:00+00:00,6413387,Tabanan,16694904,28.0,µg/m³
2026-09-10 14:00:00+00:00,6413387,Tabanan,16694904,28.0,µg/m³
2026-09-10 15:00:00+00:00,6413387,Tabanan,16694904,28.0,µg/m³
2026-09-10 16:00:00+00:00,6413387,Tabanan,16694904,21.7,µg/m³
2026-09-10 17:00:00+00:00,6413387,Tabanan,16694904,16.5,µg/m³
2026-09-10 18:00:00+00:00,6413387,Tabanan,16694904,19.1,µg/m³
2026-09-10 19:00:00+00:00,6413387,Tabanan,16694904,22.4,µg/m³
2026-09-10 20:00:00+00:00,6413387,Tabanan,16694904,26.0,µg/m³
2026-09-10 21:00:00+00:00,6413387,Tabanan,16694904,32.4,µg/m³
2026-09-10 22:00:00+00:00,6413387,Tabanan,16694904,45.3,µg/m³
2026-09-10 23:00:00+00:00,6413387,Tabanan,16694904,55.6,µg/m³
2026-09-11 00:00:00+00:00,6413387,Tabanan,16694904,41.4,µg/m³
2026-09-11 01:00:00+00:00,6413387,Tabanan,16694904,31.0,µg/m³
2026-09-11 02:00:00+00:00,6413387,Tabanan,16694904,32.3,µg/m³
2026-09-11 03:00:00+00:00,6413387,Tabanan,16694904,27.3,µg/m³
2026-09-11 04:00:00+00:00,6413387,Tabanan,16694904,25.2,µg/m³
2026-09-11 05:00:00+00:00,6413387,Tabanan,16694904,24.7,µg/m³
2026-09-11 06:00:00+00:00,6413387,Tabanan,16694904,20.3,µg/m³
2026-09-11 07:00:00+00:00,6413387,Tabanan,16694904,17.2,µg/m³
2026-09-11 08:00:00+00:00,6413387,Tabanan,16694904,19.6,µg/m³
2026-09-11 09:00:00+00:00,6413387,Tabanan,16694904,26.6,µg/m³
2026-09-11 10:00:00+00:00,6413387,Tabanan,16694904,32.9,µg/m³
2026-09-11 11:00:00+00:00,6413387,Tabanan,16694904,27.4,µg/m³
2026-09-11 12:00:00+00:00,6413387,Tabanan,16694904,29.3,µg/m³
2026-09-11 13:00:00+00:00,6413387,Tabanan,16694904,28.4,µg/m³
2026-09-11 14:00:00+00:00,6413387,Tabanan,16694904,23.6,µg/m³
2026-09-11 15:00:00+00:00,6413387,Tabanan,16694904,21.5,µg/m³
2026-09-11 16:00:00+00:00,6413387,Tabanan,16694904,27.7,µg/m³
2026-09-11 17:00:00+00:00,6413387,Tabanan,16694904,21.4,µg/m³
2026-09-11 18:00:00+00:00,6413387,Tabanan,16694904,28.0,µg/m³
2026-09-11 19:00:00+00:00,6413387,Tabanan,16694904,32.5,µg/m³
2026-09-11 20:00:00+00:00,6413387,Tabanan,16694904,36.5,µg/m³
2026-09-11 21:00:00+00:00,6413387,Tabanan,16694904,43.2,µg/m³
2026-09-11 22:00:00+00:00,6413387,Tabanan,16694904,57.5,µg/m³
2026-09-11 23:00:00+00:00,6413387,Tabanan,16694904,108.0,µg/m³
2026-09-12 00:00:00+00:00,6413387,Tabanan,16694904,62.3,µg/m³
2026-09-12 01:00:00+00:00,6413387,Tabanan,16694904,28.4,µg/m³
2026-09-12 02:00:00+00:00,6413387,Tabanan,16694904,26.4,µg/m³
2026-09-12 03:00:00+00:00,6413387,Tabanan,16694904,23.5,µg/m³
2026-09-12 04:00:00+00:00,6413387,Tabanan,16694904,19.1,µg/m³
2026-09-12 05:00:00+00:00,6413387,Tabanan,16694904,20.2,µg/m³
2026-09-12 06:00:00+00:00,6413387,Tabanan,16694904,26.1,µg/m³
2026-09-12 07:00:00+00:00,6413387,Tabanan,16694904,23.0,µg/m³
2026-09-12 08:00:00+00:00,6413387,Tabanan,16694904,23.1,µg/m³
2026-09-12 09:00:00+00:00,6413387,Tabanan,16694904,30.0,µg/m³
2026-09-12 10:00:00+00:00,6413387,Tabanan,16694904,44.1,µg/m³
2026-09-12 11:00:00+00:00,6413387,Tabanan,16694904,44.9,µg/m³
2026-09-12 12:00:00+00:00,6413387,Tabanan,16694904,45.7,µg/m³
2026-09-12 13:00:00+00:00,6413387,Tabanan,16694904,46.9,µg/m³
2026-09-12 14:00:00+00:00,6413387,Tabanan,16694904,38.7,µg/m³
2026-09-12 15:00:00+00:00,6413387,Tabanan,16694904,31.0,µg/m³
2026-09-12 16:00:00+00:00,6413387,Tabanan,16694904,31.6,µg/m³
2026-09-12 17:00:00+00:00,6413387,Tabanan,16694904,31.0,µg/m³
2026-09-12 18:00:00+00:00,6413387,Tabanan,16694904,31.4,µg/m³
2026-09-12 19:00:00+00:00,6413387,Tabanan,16694904,28.3,µg/m³
2026-09-12 20:00:00+00:00,6413387,Tabanan,16694904,30.1,µg/m³
2026-09-12 21:00:00+00:00,6413387,Tabanan,16694904,39.0,µg/m³
2026-09-12 22:00:00+00:00,6413387,Tabanan,16694904,53.6,µg/m³
2026-09-12 23:00:00+00:00,6413387,Tabanan,16694904,78.8,µg/m³
2026-09-13 00:00:00+00:00,6413387,Tabanan,16694904,47.4,µg/m³
2026-09-13 01:00:00+00:00,6413387,Tabanan,16694904,41.6,µg/m³
2026-09-13 02:00:00+00:00,6413387,Tabanan,16694904,35.6,µg/m³
2026-09-13 03:00:00+00:00,6413387,Tabanan,16694904,33.2,µg/m³
2026-09-13 04:00:00+00:00,6413387,Tabanan,16694904,58.7,µg/m³
2026-09-13 05:00:00+00:00,6413387,Tabanan,16694904,27.7,µg/m³
2026-09-13 06:00:00+00:00,6413387,Tabanan,16694904,27.2,µg/m³
2026-09-13 07:00:00+00:00,6413387,Tabanan,16694904,26.9,µg/m³
2026-09-13 08:00:00+00:00,6413387,Tabanan,16694904,30.5,µg/m³
2026-09-13 09:00:00+00:00,6413387,Tabanan,16694904,33.6,µg/m³
2026-09-13 10:00:00+00:00,6413387,Tabanan,16694904,41.5,µg/m³
2026-09-13 11:00:00+00:00,6413387,Tabanan,16694904,35.3,µg/m³
2026-09-13 12:00:00+00:00,6413387,Tabanan,16694904,29.1,µg/m³
2026-09-13 13:00:00+00:00,6413387,Tabanan,16694904,25.4,µg/m³
2026-09-13 14:00:00+00:00,6413387,Tabanan,16694904,22.4,µg/m³
2026-09-13 15:00:00+00:00,6413387,Tabanan,16694904,24.0,µg/m³
2026-09-13 16:00:00+00:00,6413387,Tabanan,16694904,24.2,µg/m³
2026-09-13 17:00:00+00:00,6413387,Tabanan,16694904,30.4,µg/m³
2026-09-13 18:00:00+00:00,6413387,Tabanan,16694904,30.5,µg/m³
2026-09-13 19:00:00+00:00,6413387,Tabanan,16694904,31.3,µg/m³
2026-09-13 20:00:00+00:00,6413387,Tabanan,16694904,26.4,µg/m³
2026-09-13 21:00:00+00:00,6413387,Tabanan,16694904,27.5,µg/m³
2026-09-13 22:00:00+00:00,6413387,Tabanan,16694904,40.8,µg/m³
2026-09-13 23:00:00+00:00,6413387,Tabanan,16694904,57.4,µg/m³
2026-09-14 00:00:00+00:00,6413387,Tabanan,16694904,42.4,µg/m³
2026-09-14 01:00:00+00:00,6413387,Tabanan,16694904,33.3,µg/m³
2026-09-14 02:00:00+00:00,6413387,Tabanan,16694904,27.0,µg/m³
2026-09-14 03:00:00+00:00,6413387,Tabanan,16694904,14.2,µg/m³
2026-09-14 04:00:00+00:00,6413387,Tabanan,16694904,12.3,µg/m³
2026-09-14 05:00:00+00:00,6413387,Tabanan,16694904,7.3,µg/m³
2026-09-14 06:00:00+00:00,6413387,Tabanan,16694904,14.3,µg/m³
2026-09-14 07:00:00+00:00,6413387,Tabanan,16694904,22.2,µg/m³
2026-09-14 08:00:00+00:00,6413387,Tabanan,16694904,19.4,µg/m³
2026-09-14 09:00:00+00:00,6413387,Tabanan,16694904,26.1,µg/m³
2026-09-14 10:00:00+00:00,6413387,Tabanan,16694904,42.2,µg/m³
2026-09-14 11:00:00+00:00,6413387,Tabanan,16694904,35.1,µg/m³
2026-09-14 12:00:00+00:00,6413387,Tabanan,16694904,24.5,µg/m³
2026-09-14 13:00:00+00:00,6413387,Tabanan,16694904,18.2,µg/m³
2026-09-14 14:00:00+00:00,6413387,Tabanan,16694904,17.7,µg/m³
2026-09-14 15:00:00+00:00,6413387,Tabanan,16694904,11.7,µg/m³
2026-09-14 16:00:00+00:00,6413387,Tabanan,16694904,12.1,µg/m³
2026-09-14 17:00:00+00:00,6413387,Tabanan,16694904,9.7,µg/m³
2026-09-14 18:00:00+00:00,6413387,Tabanan,16694904,8.0,µg/m³
2026-09-14 19:00:00+00:00,6413387,Tabanan,16694904,16.7,µg/m³
2026-09-14 20:00:00+00:00,6413387,Tabanan,16694904,25.3,µg/m³
2026-09-14 21:00:00+00:00,6413387,Tabanan,16694904,34.9,µg/m³
2026-09-14 22:00:00+00:00,6413387,Tabanan,16694904,42.6,µg/m³
2026-09-14 23:00:00+00:00,6413387,Tabanan,16694904,45.6,µg/m³
2026-09-15 00:00:00+00:00,6413387,Tabanan,16694904,14.8,µg/m³
2026-09-15 01:00:00+00:00,6413387,Tabanan,16694904,18.2,µg/m³
2026-09-15 02:00:00+00:00,6413387,Tabanan,16694904,23.8,µg/m³
2026-09-15 03:00:00+00:00,6413387,Tabanan,16694904,22.3,µg/m³
2026-09-15 04:00:00+00:00,6413387,Tabanan,16694904,15.3,µg/m³
2026-09-15 05:00:00+00:00,6413387,Tabanan,16694904,7.7,µg/m³
2026-09-15 06:00:00+00:00,6413387,Tabanan,16694904,5.9,µg/m³
2026-09-15 07:00:00+00:00,6413387,Tabanan,16694904,7.8,µg/m³
2026-09-15 08:00:00+00:00,6413387,Tabanan,16694904,12.8,µg/m³
2026-09-15 09:00:00+00:00,6413387,Tabanan,16694904,13.1,µg/m³
2026-09-15 10:00:00+00:00,6413387,Tabanan,16694904,22.5,µg/m³
2026-09-15 11:00:00+00:00,6413387,Tabanan,16694904,19.8,µg/m³
2026-09-15 12:00:00+00:00,6413387,Tabanan,16694904,15.5,µg/m³
2026-09-15 13:00:00+00:00,6413387,Tabanan,16694904,20.3,µg/m³
2026-09-15 14:00:00+00:00,6413387,Tabanan,16694904,25.0,µg/m³
2026-09-15 15:00:00+00:00,6413387,Tabanan,16694904,24.2,µg/m³
2026-09-15 16:00:00+00:00,6413387,Tabanan,16694904,27.6,µg/m³
2026-09-15 17:00:00+00:00,6413387,Tabanan,16694904,32.2,µg/m³
2026-09-15 18:00:00+00:00,6413387,Tabanan,16694904,36.9,µg/m³
2026-09-15 19:00:00+00:00,6413387,Tabanan,16694904,34.4,µg/m³
2026-09-15 20:00:00+00:00,6413387,Tabanan,16694904,31.3,µg/m³
2026-09-15 21:00:00+00:00,6413387,Tabanan,16694904,35.6,µg/m³
2026-09-15 22:00:00+00:00,6413387,Tabanan,16694904,48.5,µg/m³
2026-09-15 23:00:00+00:00,6413387,Tabanan,16694904,72.3,µg/m³
2026-09-16 00:00:00+00:00,6413387,Tabanan,16694904,28.0,µg/m³
2026-09-16 01:00:00+00:00,6413387,Tabanan,16694904,26.4,µg/m³
2026-09-16 02:00:00+00:00,6413387,Tabanan,16694904,22.8,µg/m³
2026-09-16 03:00:00+00:00,6413387,Tabanan,16694904,20.9,µg/m³
2026-09-16 04:00:00+00:00,6413387,Tabanan,16694904,15.2,µg/m³
2026-09-16 05:00:00+00:00,6413387,Tabanan,16694904,10.4,µg/m³
2026-09-16 06:00:00+00:00,6413387,Tabanan,16694904,12.9,µg/m³
2026-09-16 07:00:00+00:00,6413387,Tabanan,16694904,9.3,µg/m³
2026-09-16 08:00:00+00:00,6413387,Tabanan,16694904,10.8,µg/m³
2026-09-16 09:00:00+00:00,6413387,Tabanan,16694904,20.4,µg/m³
2026-09-16 10:00:00+00:00,6413387,Tabanan,16694904,27.6,µg/m³
2026-09-16 11:00:00+00:00,6413387,Tabanan,16694904,18.1,µg/m³
2026-09-16 12:00:00+00:00,6413387,Tabanan,16694904,15.9,µg/m³
2026-09-16 13:00:00+00:00,6413387,Tabanan,16694904,15.9,µg/m³
2026-09-16 14:00:00+00:00,6413387,Tabanan,16694904,14.5,µg/m³
2026-09-16 15:00:00+00:00,6413387,Tabanan,16694904,12.5,µg/m³
2026-09-16 16:00:00+00:00,6413387,Tabanan,16694904,14.1,µg/m³
2026-09-16 17:00:00+00:00,6413387,Tabanan,16694904,19.8,µg/m³
2026-09-16 18:00:00+00:00,6413387,Tabanan,16694904,24.7,µg/m³
2026-09-16 19:00:00+00:00,6413387,Tabanan,16694904,9.7,µg/m³
2026-09-16 20:00:00+00:00,6413387,Tabanan,16694904,9.2,µg/m³
2026-09-16 21:00:00+00:00,6413387,Tabanan,16694904,13.7,µg/m³
2026-09-16 22:00:00+00:00,6413387,Tabanan,16694904,29.8,µg/m³
2026-09-16 23:00:00+00:00,6413387,Tabanan,16694904,42.4,µg/m³
2026-09-17 00:00:00+00:00,6413387,Tabanan,16694904,33.4,µg/m³
2026-09-17 01:00:00+00:00,6413387,Tabanan,16694904,22.6,µg/m³
2026-09-17 02:00:00+00:00,6413387,Tabanan,16694904,18.6,µg/m³
2026-09-17 03:00:00+00:00,6413387,Tabanan,16694904,18.0,µg/m³
2026-09-17 04:00:00+00:00,6413387,Tabanan,16694904,14.0,µg/m³
2026-09-17 05:00:00+00:00,6413387,Tabanan,16694904,15.8,µg/m³
2026-09-17 06:00:00+00:00,6413387,Tabanan,16694904,14.0,µg/m³
2026-09-17 07:00:00+00:00,6413387,Tabanan,16694904,12.5,µg/m³
2026-09-17 08:00:00+00:00,6413387,Tabanan,16694904,12.4,µg/m³
2026-09-17 09:00:00+00:00,6413387,Tabanan,16694904,23.3,µg/m³
2026-09-17 10:00:00+00:00,6413387,Tabanan,16694904,58.5,µg/m³
2026-09-17 11:00:00+00:00,6413387,Tabanan,16694904,38.1,µg/m³
2026-09-17 12:00:00+00:00,6413387,Tabanan,16694904,36.4,µg/m³
2026-09-17 13:00:00+00:00,6413387,Tabanan,16694904,20.2,µg/m³
2026-09-17 14:00:00+00:00,6413387,Tabanan,16694904,22.6,µg/m³
2026-09-17 15:00:00+00:00,6413387,Tabanan,16694904,42.4,µg/m³
2026-09-17 16:00:00+00:00,6413387,Tabanan,16694904,40.0,µg/m³
2026-09-17 17:00:00+00:00,6413387,Tabanan,16694904,41.6,µg/m³
2026-09-17 18:00:00+00:00,6413387,Tabanan,16694904,40.1,µg/m³
2026-09-17 19:00:00+00:00,6413387,Tabanan,16694904,43.4,µg/m³
2026-09-17 20:00:00+00:00,6413387,Tabanan,16694904,41.7,µg/m³
2026-09-17 21:00:00+00:00,6413387,Tabanan,16694904,53.3,µg/m³
2026-09-17 22:00:00+00:00,6413387,Tabanan,16694904,55.4,µg/m³
2026-09-17 23:00:00+00:00,6413387,Tabanan,16694904,72.3,µg/m³
2026-09-18 00:00:00+00:00,6413387,Tabanan,16694904,45.8,µg/m³
2026-09-18 01:00:00+00:00,6413387,Tabanan,16694904,42.6,µg/m³
2026-09-18 02:00:00+00:00,6413387,Tabanan,16694904,37.3,µg/m³
2026-09-18 03:00:00+00:00,6413387,Tabanan,16694904,32.8,µg/m³
2026-09-18 04:00:00+00:00,6413387,Tabanan,16694904,29.5,µg/m³
2026-09-18 05:00:00+00:00,6413387,Tabanan,16694904,19.7,µg/m³
2026-09-18 06:00:00+00:00,6413387,Tabanan,16694904,16.5,µg/m³
2026-09-18 07:00:00+00:00,6413387,Tabanan,16694904,23.7,µg/m³
2026-09-18 08:00:00+00:00,6413387,Tabanan,16694904,19.1,µg/m³
2026-09-18 09:00:00+00:00,6413387,Tabanan,16694904,21.6,µg/m³
2026-09-18 10:00:00+00:00,6413387,Tabanan,16694904,68.0,µg/m³
2026-09-18 11:00:00+00:00,6413387,Tabanan,16694904,90.7,µg/m³
2026-09-18 12:00:00+00:00,6413387,Tabanan,16694904,85.0,µg/m³
2026-09-18 13:00:00+00:00,6413387,Tabanan,16694904,53.6,µg/m³
2026-09-18 14:00:00+00:00,6413387,Tabanan,16694904,44.3,µg/m³
2026-09-18 15:00:00+00:00,6413387,Tabanan,16694904,40.6,µg/m³
2026-09-18 16:00:00+00:00,6413387,Tabanan,16694904,25.1,µg/m³
2026-09-18 17:00:00+00:00,6413387,Tabanan,16694904,19.5,µg/m³
2026-09-18 18:00:00+00:00,6413387,Tabanan,16694904,16.2,µg/m³
2026-09-18 19:00:00+00:00,6413387,Tabanan,16694904,16.7,µg/m³
2026-09-18 20:00:00+00:00,6413387,Tabanan,16694904,29.1,µg/m³
2026-09-18 21:00:00+00:00,6413387,Tabanan,16694904,45.8,µg/m³
2026-09-18 22:00:00+00:00,6413387,Tabanan,16694904,54.7,µg/m³
2026-09-18 23:00:00+00:00,6413387,Tabanan,16694904,66.3,µg/m³
2026-09-19 00:00:00+00:00,6413387,Tabanan,16694904,41.5,µg/m³
2026-09-19 01:00:00+00:00,6413387,Tabanan,16694904,36.1,µg/m³
2026-09-19 02:00:00+00:00,6413387,Tabanan,16694904,32.4,µg/m³
2026-09-19 03:00:00+00:00,6413387,Tabanan,16694904,26.5,µg/m³
2026-09-19 04:00:00+00:00,6413387,Tabanan,16694904,20.7,µg/m³
2026-09-19 05:00:00+00:00,6413387,Tabanan,16694904,19.4,µg/m³
2026-09-19 06:00:00+00:00,6413387,Tabanan,16694904,19.3,µg/m³
2026-09-19 07:00:00+00:00,6413387,Tabanan,16694904,22.3,µg/m³
2026-09-19 08:00:00+00:00,6413387,Tabanan,16694904,20.2,µg/m³
2026-09-19 09:00:00+00:00,6413387,Tabanan,16694904,29.2,µg/m³
2026-09-19 10:00:00+00:00,6413387,Tabanan,16694904,39.9,µg/m³
2026-09-19 11:00:00+00:00,6413387,Tabanan,16694904,46.3,µg/m³
2026-09-19 12:00:00+00:00,6413387,Tabanan,16694904,36.2,µg/m³
2026-09-19 13:00:00+00:00,6413387,Tabanan,16694904,32.9,µg/m³
2026-09-19 14:00:00+00:00,6413387,Tabanan,16694904,33.3,µg/m³
2026-09-19 15:00:00+00:00,6413387,Tabanan,16694904,33.9,µg/m³
2026-09-19 16:00:00+00:00,6413387,Tabanan,16694904,33.0,µg/m³
2026-09-19 17:00:00+00:00,6413387,Tabanan,16694904,27.3,µg/m³
2026-09-19 18:00:00+00:00,6413387,Tabanan,16694904,19.2,µg/m³
2026-09-19 19:00:00+00:00,6413387,Tabanan,16694904,20.4,µg/m³
2026-09-19 20:00:00+00:00,6413387,Tabanan,16694904,32.3,µg/m³
2026-09-19 21:00:00+00:00,6413387,Tabanan,16694904,52.1,µg/m³
2026-09-19 22:00:00+00:00,6413387,Tabanan,16694904,54.4,µg/m³
2026-09-19 23:00:00+00:00,6413387,Tabanan,16694904,77.7,µg/m³
2026-09-20 00:00:00+00:00,6413387,Tabanan,16694904,43.6,µg/m³
2026-09-20 01:00:00+00:00,6413387,Tabanan,16694904,32.3,µg/m³
2026-09-20 02:00:00+00:00,6413387,Tabanan,16694904,28.3,µg/m³
2026-09-20 03:00:00+00:00,6413387,Tabanan,16694904,28.6,µg/m³
2026-09-20 04:00:00+00:00,6413387,Tabanan,16694904,24.9,µg/m³
2026-09-20 05:00:00+00:00,6413387,Tabanan,16694904,28.9,µg/m³
2026-09-20 06:00:00+00:00,6413387,Tabanan,16694904,27.2,µg/m³
2026-09-20 07:00:00+00:00,6413387,Tabanan,16694904,25.7,µg/m³
2026-09-20 08:00:00+00:00,6413387,Tabanan,16694904,24.0,µg/m³
2026-09-20 09:00:00+00:00,6413387,Tabanan,16694904,30.3,µg/m³
2026-09-20 10:00:00+00:00,6413387,Tabanan,16694904,36.9,µg/m³
2026-09-20 11:00:00+00:00,6413387,Tabanan,16694904,37.2,µg/m³
2026-09-20 12:00:00+00:00,6413387,Tabanan,16694904,36.5,µg/m³
2026-09-20 13:00:00+00:00,6413387,Tabanan,16694904,35.5,µg/m³
2026-09-20 14:00:00+00:00,6413387,Tabanan,16694904,33.4,µg/m³
2026-09-20 15:00:00+00:00,6413387,Tabanan,16694904,36.1,µg/m³
2026-09-20 16:00:00+00:00,6413387,Tabanan,16694904,39.1,µg/m³
2026-09-20 17:00:00+00:00,6413387,Tabanan,16694904,41.9,µg/m³
2026-09-20 18:00:00+00:00,6413387,Tabanan,16694904,46.3,µg/m³
2026-09-20 19:00:00+00:00,6413387,Tabanan,16694904,52.1,µg/m³
2026-09-20 20:00:00+00:00,6413387,Tabanan,16694904,47.3,µg/m³
2026-09-20 21:00:00+00:00,6413387,Tabanan,16694904,47.9,µg/m³
2026-09-20 22:00:00+00:00,6413387,Tabanan,16694904,68.7,µg/m³
2026-09-20 23:00:00+00:00,6413387,Tabanan,16694904,70.7,µg/m³
2026-09-21 00:00:00+00:00,6413387,Tabanan,16694904,45.8,µg/m³
2026-09-21 01:00:00+00:00,6413387,Tabanan,16694904,37.7,µg/m³
2026-09-21 02:00:00+00:00,6413387,Tabanan,16694904,30.7,µg/m³
2026-09-21 03:00:00+00:00,6413387,Tabanan,16694904,27.8,µg/m³
2026-09-21 04:00:00+00:00,6413387,Tabanan,16694904,25.0,µg/m³
2026-09-21 05:00:00+00:00,6413387,Tabanan,16694904,24.1,µg/m³
2026-09-21 06:00:00+00:00,6413387,Tabanan,16694904,24.6,µg/m³
2026-09-21 07:00:00+00:00,6413387,Tabanan,16694904,27.4,µg/m³
2026-09-21 08:00:00+00:00,6413387,Tabanan,16694904,30.7,µg/m³
2026-09-21 09:00:00+00:00,6413387,Tabanan,16694904,33.2,µg/m³
2026-09-21 10:00:00+00:00,6413387,Tabanan,16694904,41.7,µg/m³
2026-09-21 11:00:00+00:00,6413387,Tabanan,16694904,47.1,µg/m³
2026-09-21 12:00:00+00:00,6413387,Tabanan,16694904,53.3,µg/m³
2026-09-21 13:00:00+00:00,6413387,Tabanan,16694904,48.3,µg/m³
2026-09-21 14:00:00+00:00,6413387,Tabanan,16694904,70.7,µg/m³
2026-09-21 15:00:00+00:00,6413387,Tabanan,16694904,120.0,µg/m³
2026-09-21 16:00:00+00:00,6413387,Tabanan,16694904,132.0,µg/m³
2026-09-21 17:00:00+00:00,6413387,Tabanan,16694904,39.1,µg/m³
2026-09-21 18:00:00+00:00,6413387,Tabanan,16694904,33.4,µg/m³
2026-09-21 19:00:00+00:00,6413387,Tabanan,16694904,37.9,µg/m³
2026-09-21 20:00:00+00:00,6413387,Tabanan,16694904,44.1,µg/m³
2026-09-21 21:00:00+00:00,6413387,Tabanan,16694904,44.5,µg/m³
2026-09-21 22:00:00+00:00,6413387,Tabanan,16694904,56.1,µg/m³
2026-09-21 23:00:00+00:00,6413387,Tabanan,16694904,90.7,µg/m³
2026-09-22 00:00:00+00:00,6413387,Tabanan,16694904,56.8,µg/m³
2026-09-22 01:00:00+00:00,6413387,Tabanan,16694904,36.6,µg/m³
2026-09-22 02:00:00+00:00,6413387,Tabanan,16694904,34.7,µg/m³
2026-09-22 03:00:00+00:00,6413387,Tabanan,16694904,29.9,µg/m³
2026-09-22 04:00:00+00:00,6413387,Tabanan,16694904,29.3,µg/m³
2026-09-22 05:00:00+00:00,6413387,Tabanan,16694904,25.5,µg/m³
2026-09-22 06:00:00+00:00,6413387,Tabanan,16694904,30.7,µg/m³
2026-09-22 07:00:00+00:00,6413387,Tabanan,16694904,28.9,µg/m³
2026-09-22 08:00:00+00:00,6413387,Tabanan,16694904,31.5,µg/m³
2026-09-22 09:00:00+00:00,6413387,Tabanan,16694904,36.9,µg/m³
2026-09-22 10:00:00+00:00,6413387,Tabanan,16694904,55.6,µg/m³
2026-09-22 11:00:00+00:00,6413387,Tabanan,16694904,54.0,µg/m³
2026-09-22 12:00:00+00:00,6413387,Tabanan,16694904,47.4,µg/m³
2026-09-22 13:00:00+00:00,6413387,Tabanan,16694904,42.9,µg/m³
2026-09-22 14:00:00+00:00,6413387,Tabanan,16694904,45.2,µg/m³
2026-09-22 15:00:00+00:00,6413387,Tabanan,16694904,36.3,µg/m³
2026-09-22 16:00:00+00:00,6413387,Tabanan,16694904,36.4,µg/m³
2026-09-22 17:00:00+00:00,6413387,Tabanan,16694904,30.9,µg/m³
2026-09-22 18:00:00+00:00,6413387,Tabanan,16694904,27.9,µg/m³
2026-09-22 19:00:00+00:00,6413387,Tabanan,16694904,35.4,µg/m³
2026-09-22 20:00:00+00:00,6413387,Tabanan,16694904,46.3,µg/m³
2026-09-22 21:00:00+00:00,6413387,Tabanan,16694904,51.8,µg/m³
2026-09-22 22:00:00+00:00,6413387,Tabanan,16694904,72.6,µg/m³
2026-09-22 23:00:00+00:00,6413387,Tabanan,16694904,82.1,µg/m³
2026-09-23 00:00:00+00:00,6413387,Tabanan,16694904,49.7,µg/m³
2026-09-23 01:00:00+00:00,6413387,Tabanan,16694904,41.5,µg/m³
2026-09-23 02:00:00+00:00,6413387,Tabanan,16694904,32.3,µg/m³
2026-09-23 03:00:00+00:00,6413387,Tabanan,16694904,31.5,µg/m³
2026-09-23 04:00:00+00:00,6413387,Tabanan,16694904,29.2,µg/m³
2026-09-23 05:00:00+00:00,6413387,Tabanan,16694904,34.1,µg/m³
2026-09-23 06:00:00+00:00,6413387,Tabanan,16694904,33.3,µg/m³
2026-09-23 07:00:00+00:00,6413387,Tabanan,16694904,40.8,µg/m³
2026-09-23 08:00:00+00:00,6413387,Tabanan,16694904,33.3,µg/m³
2026-09-23 09:00:00+00:00,6413387,Tabanan,16694904,47.2,µg/m³
2026-09-23 10:00:00+00:00,6413387,Tabanan,16694904,90.0,µg/m³
2026-09-23 11:00:00+00:00,6413387,Tabanan,16694904,128.0,µg/m³
2026-09-23 12:00:00+00:00,6413387,Tabanan,16694904,61.3,µg/m³
2026-09-23 13:00:00+00:00,6413387,Tabanan,16694904,85.3,µg/m³
2026-09-23 14:00:00+00:00,6413387,Tabanan,16694904,64.1,µg/m³
2026-09-23 15:00:00+00:00,6413387,Tabanan,16694904,63.8,µg/m³
2026-09-23 16:00:00+00:00,6413387,Tabanan,16694904,69.1,µg/m³
2026-09-23 17:00:00+00:00,6413387,Tabanan,16694904,59.4,µg/m³
2026-09-23 18:00:00+00:00,6413387,Tabanan,16694904,51.9,µg/m³
2026-09-23 19:00:00+00:00,6413387,Tabanan,16694904,46.8,µg/m³
2026-09-23 20:00:00+00:00,6413387,Tabanan,16694904,43.0,µg/m³
2026-09-23 21:00:00+00:00,6413387,Tabanan,16694904,47.7,µg/m³
2026-09-23 22:00:00+00:00,6413387,Tabanan,16694904,72.2,µg/m³
2026-09-23 23:00:00+00:00,6413387,Tabanan,16694904,78.6,µg/m³
2026-09-24 00:00:00+00:00,6413387,Tabanan,16694904,45.7,µg/m³
2026-09-24 01:00:00+00:00,6413387,Tabanan,16694904,41.3,µg/m³
2026-09-24 02:00:00+00:00,6413387,Tabanan,16694904,33.1,µg/m³
2026-09-24 03:00:00+00:00,6413387,Tabanan,16694904,28.8,µg/m³
2026-09-24 04:00:00+00:00,6413387,Tabanan,16694904,30.1,µg/m³
2026-09-24 05:00:00+00:00,6413387,Tabanan,16694904,30.1,µg/m³
2026-09-24 06:00:00+00:00,6413387,Tabanan,16694904,30.7,µg/m³
2026-09-24 07:00:00+00:00,6413387,Tabanan,16694904,32.5,µg/m³
2026-09-24 08:00:00+00:00,6413387,Tabanan,16694904,32.5,µg/m³
2026-09-24 09:00:00+00:00,6413387,Tabanan,16694904,39.8,µg/m³
2026-09-24 10:00:00+00:00,6413387,Tabanan,16694904,54.5,µg/m³
2026-09-24 11:00:00+00:00,6413387,Tabanan,16694904,42.0,µg/m³
2026-09-24 12:00:00+00:00,6413387,Tabanan,16694904,41.0,µg/m³
2026-09-24 13:00:00+00:00,6413387,Tabanan,16694904,36.8,µg/m³
2026-09-24 14:00:00+00:00,6413387,Tabanan,16694904,33.2,µg/m³
2026-09-24 15:00:00+00:00,6413387,Tabanan,16694904,28.0,µg/m³
2026-09-24 16:00:00+00:00,6413387,Tabanan,16694904,26.9,µg/m³
2026-09-24 17:00:00+00:00,6413387,Tabanan,16694904,34.4,µg/m³
2026-09-24 18:00:00+00:00,6413387,Tabanan,16694904,47.3,µg/m³
2026-09-24 19:00:00+00:00,6413387,Tabanan,16694904,46.2,µg/m³
2026-09-24 20:00:00+00:00,6413387,Tabanan,16694904,45.0,µg/m³
2026-09-24 21:00:00+00:00,6413387,Tabanan,16694904,49.4,µg/m³
2026-09-24 22:00:00+00:00,6413387,Tabanan,16694904,68.1,µg/m³
2026-09-24 23:00:00+00:00,6413387,Tabanan,16694904,87.6,µg/m³
2026-09-25 00:00:00+00:00,6413387,Tabanan,16694904,49.1,µg/m³
2026-09-25 01:00:00+00:00,6413387,Tabanan,16694904,42.7,µg/m³
2026-09-25 02:00:00+00:00,6413387,Tabanan,16694904,38.2,µg/m³
2026-09-25 03:00:00+00:00,6413387,Tabanan,16694904,33.7,µg/m³
2026-09-25 04:00:00+00:00,6413387,Tabanan,16694904,29.3,µg/m³
2026-09-25 05:00:00+00:00,6413387,Tabanan,16694904,27.8,µg/m³
2026-09-25 06:00:00+00:00,6413387,Tabanan,16694904,28.9,µg/m³
2026-09-25 07:00:00+00:00,6413387,Tabanan,16694904,33.4,µg/m³
2026-09-25 08:00:00+00:00,6413387,Tabanan,16694904,34.4,µg/m³
2026-09-25 09:00:00+00:00,6413387,Tabanan,16694904,36.5,µg/m³
2026-09-25 10:00:00+00:00,6413387,Tabanan,16694904,46.9,µg/m³
2026-09-25 11:00:00+00:00,6413387,Tabanan,16694904,51.4,µg/m³
2026-09-25 12:00:00+00:00,6413387,Tabanan,16694904,49.2,µg/m³
2026-09-25 13:00:00+00:00,6413387,Tabanan,16694904,55.7,µg/m³
2026-09-25 14:00:00+00:00,6413387,Tabanan,16694904,73.6,µg/m³
2026-09-25 15:00:00+00:00,6413387,Tabanan,16694904,77.3,µg/m³
2026-09-25 16:00:00+00:00,6413387,Tabanan,16694904,77.0,µg/m³
2026-09-25 17:00:00+00:00,6413387,Tabanan,16694904,71.3,µg/m³
2026-09-25 18:00:00+00:00,6413387,Tabanan,16694904,55.7,µg/m³
2026-09-25 19:00:00+00:00,6413387,Tabanan,16694904,49.9,µg/m³
2026-09-25 20:00:00+00:00,6413387,Tabanan,16694904,47.0,µg/m³
2026-09-25 21:00:00+00:00,6413387,Tabanan,16694904,46.6,µg/m³
2026-09-25 22:00:00+00:00,6413387,Tabanan,16694904,63.9,µg/m³
2026-09-25 23:00:00+00:00,6413387,Tabanan,16694904,100.0,µg/m³
2026-09-26 00:00:00+00:00,6413387,Tabanan,16694904,55.4,µg/m³
2026-09-26 01:00:00+00:00,6413387,Tabanan,16694904,56.1,µg/m³
2026-09-26 02:00:00+00:00,6413387,Tabanan,16694904,44.4,µg/m³
2026-09-26 03:00:00+00:00,6413387,Tabanan,16694904,38.9,µg/m³
2026-09-26 04:00:00+00:00,6413387,Tabanan,16694904,33.4,µg/m³
2026-09-26 05:00:00+00:00,6413387,Tabanan,16694904,24.7,µg/m³
2026-09-26 06:00:00+00:00,6413387,Tabanan,16694904,23.1,µg/m³
2026-09-26 07:00:00+00:00,6413387,Tabanan,16694904,23.6,µg/m³
2026-09-26 08:00:00+00:00,6413387,Tabanan,16694904,45.6,µg/m³
2026-09-26 09:00:00+00:00,6413387,Tabanan,16694904,55.7,µg/m³
2026-09-26 10:00:00+00:00,6413387,Tabanan,16694904,43.8,µg/m³
2026-09-26 11:00:00+00:00,6413387,Tabanan,16694904,41.7,µg/m³
2026-09-26 12:00:00+00:00,6413387,Tabanan,16694904,42.6,µg/m³
2026-09-26 13:00:00+00:00,6413387,Tabanan,16694904,40.4,µg/m³
2026-09-26 14:00:00+00:00,6413387,Tabanan,16694904,52.4,µg/m³
2026-09-26 15:00:00+00:00,6413387,Tabanan,16694904,79.3,µg/m³
2026-09-26 16:00:00+00:00,6413387,Tabanan,16694904,75.7,µg/m³
2026-09-26 17:00:00+00:00,6413387,Tabanan,16694904,63.1,µg/m³
2026-09-26 18:00:00+00:00,6413387,Tabanan,16694904,52.3,µg/m³
2026-09-26 19:00:00+00:00,6413387,Tabanan,16694904,47.3,µg/m³
2026-09-26 20:00:00+00:00,6413387,Tabanan,16694904,45.7,µg/m³
2026-09-26 21:00:00+00:00,6413387,Tabanan,16694904,46.2,µg/m³
2026-09-26 22:00:00+00:00,6413387,Tabanan,16694904,56.3,µg/m³
2026-09-26 23:00:00+00:00,6413387,Tabanan,16694904,75.1,µg/m³
2026-09-27 00:00:00+00:00,6413387,Tabanan,16694904,57.7,µg/m³
2026-09-27 01:00:00+00:00,6413387,Tabanan,16694904,72.2,µg/m³
2026-09-27 02:00:00+00:00,6413387,Tabanan,16694904,47.7,µg/m³
2026-09-27 03:00:00+00:00,6413387,Tabanan,16694904,42.2,µg/m³
2026-09-27 04:00:00+00:00,6413387,Tabanan,16694904,34.9,µg/m³
2026-09-27 05:00:00+00:00,6413387,Tabanan,16694904,27.0,µg/m³
2026-09-27 06:00:00+00:00,6413387,Tabanan,16694904,26.1,µg/m³
2026-09-27 07:00:00+00:00,6413387,Tabanan,16694904,39.7,µg/m³
2026-09-27 08:00:00+00:00,6413387,Tabanan,16694904,33.8,µg/m³
2026-09-27 09:00:00+00:00,6413387,Tabanan,16694904,34.8,µg/m³
2026-09-27 10:00:00+00:00,6413387,Tabanan,16694904,43.0,µg/m³
2026-09-27 11:00:00+00:00,6413387,Tabanan,16694904,54.3,µg/m³
2026-09-27 12:00:00+00:00,6413387,Tabanan,16694904,57.5,µg/m³
2026-09-27 13:00:00+00:00,6413387,Tabanan,16694904,67.4,µg/m³
2026-09-27 14:00:00+00:00,6413387,Tabanan,16694904,87.7,µg/m³
2026-09-27 15:00:00+00:00,6413387,Tabanan,16694904,97.1,µg/m³
2026-09-27 16:00:00+00:00,6413387,Tabanan,16694904,85.2,µg/m³
2026-09-27 17:00:00+00:00,6413387,Tabanan,16694904,73.0,µg/m³
2026-09-27 18:00:00+00:00,6413387,Tabanan,16694904,60.4,µg/m³
2026-09-27 19:00:00+00:00,6413387,Tabanan,16694904,52.0,µg/m³
2026-09-27 20:00:00+00:00,6413387,Tabanan,16694904,47.0,µg/m³
2026-09-27 21:00:00+00:00,6413387,Tabanan,16694904,48.8,µg/m³
2026-09-27 22:00:00+00:00,6413387,Tabanan,16694904,73.8,µg/m³
2026-09-27 23:00:00+00:00,6413387,Tabanan,16694904,96.2,µg/m³
