location_id,location_name,sensor_id,parameter,unit,provider,lat,lon,first,last,status,reason,observed_hours,coverage,n_dropped,n_unique,mean,median,min,max,std,q25,q75,q98
2537,US Diplomatic Post: Jakarta South,5047,pm25,µg/m³,StateAir JakartaSouth,-6.236585,106.793335,2016-01-30 01:00:00+00:00,2016-11-09 16:00:00+00:00,ditolak,metadata datetimeFirst/Last tidak mencakup periode terpilih,,,,,,,,,,,,
2538,US Diplomatic Post: Jakarta Central,5048,pm25,µg/m³,StateAir JakartaCentral,-6.182382,106.834094,2016-01-30 01:00:00+00:00,2016-11-09 16:00:00+00:00,ditolak,metadata datetimeFirst/Last tidak mencakup periode terpilih,,,,,,,,,,,,
8320,Jakarta South,5077558,pm25,µg/m³,AirNow,-6.236704,106.793244,2022-10-03 20:00:00+00:00,2025-11-04 21:00:00+00:00,ditolak,metadata datetimeFirst/Last tidak mencakup periode terpilih,,,,,,,,,,,,
8637,Jakarta Central,25072,pm25,µg/m³,AirNow,-6.182536,106.834235,2016-11-09 18:00:00+00:00,2025-04-09 14:00:00+00:00,ditolak,metadata datetimeFirst/Last tidak mencakup periode terpilih,,,,,,,,,,,,
223262,Cilandek,1294751,pm25,µg/m³,HabitatMap,-6.274138909,106.799896471,,,ditolak,datetimeFirst/Last tidak tersedia/tidak cukup 30 hari,,,,,,,,,,,,
223824,Cilandek,1296386,pm25,µg/m³,HabitatMap,-6.274094251,106.79987099,,,ditolak,datetimeFirst/Last tidak tersedia/tidak cukup 30 hari,,,,,,,,,,,,
1285347,SPARTAN - ITB Bandung,6566247,pm25,µg/m³,SPARTAN Network,-6.88842,107.61,2016-08-01 17:00:00+00:00,2018-01-29 10:00:00+00:00,ditolak,metadata datetimeFirst/Last tidak mencakup periode terpilih,,,,,,,,,,,,
1367443,Depok,9870580,pm25,µg/m³,AirGradient,-6.409456,106.856152,,,ditolak,datetimeFirst/Last tidak tersedia/tidak cukup 30 hari,,,,,,,,,,,,
1367443,Depok,6658670,pm25,µg/m³,AirGradient,-6.409456,106.856152,2023-08-01 07:00:00+00:00,2025-12-20 07:00:00+00:00,ditolak,metadata datetimeFirst/Last tidak mencakup periode terpilih,,,,,,,,,,,,
1489107,Cipete,6836394,pm25,µg/m³,HabitatMap,-6.273957945,106.799961515,,,ditolak,datetimeFirst/Last tidak tersedia/tidak cukup 30 hari,,,,,,,,,,,,
1563313,Qoryah Darussalam,6939684,pm25,µg/m³,AirGradient,-6.3612408,106.8419476,2023-09-12 10:00:00+00:00,2025-10-17 17:00:00+00:00,ditolak,metadata datetimeFirst/Last tidak mencakup periode terpilih,,,,,,,,,,,,
1776543,Jihan Fauziah Hamdi ,7325489,pm25,µg/m³,AirGradient,-6.2210686,106.8254998,2023-10-30 13:00:00+00:00,2024-05-26 00:00:00+00:00,ditolak,metadata datetimeFirst/Last tidak mencakup periode terpilih,,,,,,,,,,,,
1894630,Jakarta,7466380,pm25,µg/m³,Clarity,-0.60841,100.75508,2023-11-28 17:00:00+00:00,2026-08-31 19:58:46+00:00,ditolak,metadata datetimeFirst/Last tidak mencakup periode terpilih,,,,,,,,,,,,
1894639,Jakarta,7748548,pm25,µg/m³,Clarity,-6.09657,106.96135,2024-01-25 09:00:00+00:00,2026-08-31 11:24:13+00:00,ditolak,metadata datetimeFirst/Last tidak mencakup periode terpilih,,,,,,,,,,,,
2071976,Krukut,7666066,pm25,µg/m³,AirGradient,-6.159382,106.818018,2024-01-09 08:00:00+00:00,2024-09-10 08:00:00+00:00,ditolak,metadata datetimeFirst/Last tidak mencakup periode terpilih,,,,,,,,,,,,
2849176,Margonda Residence 3 ,9238695,pm25,µg/m³,AirGradient,-6.386604881271759,106.82669253666032,2024-05-16 10:00:00+00:00,2024-09-04 05:00:00+00:00,ditolak,metadata datetimeFirst/Last tidak mencakup periode terpilih,,,,,,,,,,,,
3037147,Wedomartani,10417762,pm25,µg/m³,AirGradient,-7.744424,110.417732,2024-08-28 16:00:00+00:00,2025-03-19 02:00:00+00:00,ditolak,metadata datetimeFirst/Last tidak mencakup periode terpilih,,,,,,,,,,,,
3056210,Pasteur Gateway Apartment,10561378,pm25,µg/m³,AirGradient,-6.8895326,107.5635579,2024-09-10 08:00:00+00:00,2024-11-04 01:00:00+00:00,ditolak,metadata datetimeFirst/Last tidak mencakup periode terpilih,,,,,,,,,,,,
3084738,Jaja,10776462,pm25,µg/m³,AirGradient,-6.396635576845471,106.8234376822199,2024-09-29 11:00:00+00:00,2024-10-01 09:00:00+00:00,ditolak,datetimeFirst/Last tidak tersedia/tidak cukup 30 hari,,,,,,,,,,,,
3276989,Cipete Jakarta,11361991,pm25,µg/m³,HabitatMap,-6.274033597,106.799931675,,,ditolak,datetimeFirst/Last tidak tersedia/tidak cukup 30 hari,,,,,,,,,,,,
3280117,Cipete Jakarta,11385217,pm25,µg/m³,HabitatMap,-6.27404826,106.799946763,,,ditolak,datetimeFirst/Last tidak tersedia/tidak cukup 30 hari,,,,,,,,,,,,
3294802,Cipete Dec,11494947,pm25,µg/m³,HabitatMap,-6.274064257,106.799920946,,,ditolak,datetimeFirst/Last tidak tersedia/tidak cukup 30 hari,,,,,,,,,,,,
4047633,Yogyakarta,12774449,pm25,µg/m³,AirGradient,-7.749114049950875,110.3958113663938,2025-04-14 07:00:00+00:00,2025-05-12 02:00:00+00:00,ditolak,datetimeFirst/Last tidak tersedia/tidak cukup 30 hari,,,,,,,,,,,,
4826556,Ubud,13397855,pm25,µg/m³,AirGradient,-8.53036,115.26932,2025-06-22 11:00:00+00:00,2025-12-05 02:00:00+00:00,ditolak,metadata datetimeFirst/Last tidak mencakup periode terpilih,,,,,,,,,,,,
5044494,Balangan,13577847,pm25,µg/m³,AirGradient,-8.8071,115.1408,2025-07-12 04:00:00+00:00,2025-08-06 05:00:00+00:00,ditolak,datetimeFirst/Last tidak tersedia/tidak cukup 30 hari,,,,,,,,,,,,
5586536,USU,14336462,pm25,µg/m³,AirGradient,3.539102,98.615361,2025-10-10 09:00:00+00:00,2026-09-14 16:00:00+00:00,ditolak,metadata datetimeFirst/Last tidak mencakup periode terpilih,,,,,,,,,,,,
5599584,Bogor Selatan,13986083,pm25,µg/m³,AirGradient,-6.62854,106.795046,2025-08-29 08:00:00+00:00,2026-03-02 05:00:00+00:00,ditolak,metadata datetimeFirst/Last tidak mencakup periode terpilih,,,,,,,,,,,,
6051931,West Jakarta Mayor Office,14313799,pm25,µg/m³,Clean Air Catalyst,-6.18588,106.737892,2023-09-30 17:00:00+00:00,2025-06-30 16:00:00+00:00,ditolak,metadata datetimeFirst/Last tidak mencakup periode terpilih,,,,,,,,,,,,
6051932,East Jakarta Mayor Office,14313802,pm25,µg/m³,Clean Air Catalyst,-6.214719,106.944138,2023-09-30 17:00:00+00:00,2024-11-12 20:00:00+00:00,ditolak,metadata datetimeFirst/Last tidak mencakup periode terpilih,,,,,,,,,,,,
6051933,Rusunawa Marunda,14313805,pm25,µg/m³,Clean Air Catalyst,-6.096695,106.960983,2023-09-30 17:00:00+00:00,2025-06-30 15:00:00+00:00,ditolak,metadata datetimeFirst/Last tidak mencakup periode terpilih,,,,,,,,,,,,
6095641,D'Mall Depok,14378952,pm25,µg/m³,AirGradient,-6.386761061456651,106.82661840203917,2025-10-14 23:00:00+00:00,2025-11-22 14:00:00+00:00,ditolak,metadata datetimeFirst/Last tidak mencakup periode terpilih,,,,,,,,,,,,
6103913,SD Muhammadiyah 18 Palembang,14439936,pm25,µg/m³,AirGradient,-2.9229891,104.7128934,2025-10-22 07:00:00+00:00,2026-09-09 04:00:00+00:00,ditolak,metadata datetimeFirst/Last tidak mencakup periode terpilih,,,,,,,,,,,,
6103954,SD Muhammadiyah 1 Palembang,14440231,pm25,µg/m³,AirGradient,-2.9888432,104.7485507,2025-10-22 08:00:00+00:00,2026-09-09 04:00:00+00:00,ditolak,metadata datetimeFirst/Last tidak mencakup periode terpilih,,,,,,,,,,,,
6144741,STT Satyabhakti ,14739443,pm25,µg/m³,AirGradient,-7.9185093,112.651344,2025-11-27 16:00:00+00:00,2026-09-28 18:00:00+00:00,tidak_dipilih,"lolos QC, di luar kuota 5 (ranking lebih rendah)",703.0,0.9763888888888889,0.0,444.0,43.36714082503556,39.8,1.2,204.0,23.789122551808912,29.35,51.4,109.88000000000011
6313205,SD Muhammadiyah 6/14 Palembang,15992900,pm25,µg/m³,AirGradient,-2.9581344,104.7367501,2026-04-19 03:00:00+00:00,2026-05-20 08:00:00+00:00,ditolak,metadata datetimeFirst/Last tidak mencakup periode terpilih,,,,,,,,,,,,
6315887,Свищов - СПГ Алеко Константинов,16013293,pm25,µg/m³,senstate,43.6137,25.3595,2026-04-21 11:28:00+00:00,2026-09-28 18:58:00+00:00,tidak_dipilih,"lolos QC, di luar kuota 5 (ranking lebih rendah)",719.0,0.9986111111111111,0.0,452.0,4.344102920723227,3.74,1.01,16.1,2.587523147632084,2.525,5.43,11.7
6315887,Свищов - СПГ Алеко Константинов,16013478,pm25,µg/m³,senstate,43.6137,25.3595,2026-09-20 23:25:00+00:00,2026-09-21 15:22:00+00:00,ditolak,datetimeFirst/Last tidak tersedia/tidak cukup 30 hari,,,,,,,,,,,,
6403967,"Kuwum, Bali",16625235,pm25,µg/m³,AirGradient,-8.661245,115.16204,2026-06-15 13:00:00+00:00,2026-09-28 18:00:00+00:00,tidak_dipilih,"lolos QC, di luar kuota 5 (ranking lebih rendah)",716.0,0.9944444444444445,0.0,370.0,25.175698324022346,22.0,3.4,149.0,18.33692660000686,12.9,30.924999999999997,80.39999999999993
6404859,Pejeng Kangin,16632095,pm25,µg/m³,AirGradient,-8.492994479130525,115.30036092298013,2026-06-16 05:00:00+00:00,2026-09-19 12:00:00+00:00,ditolak,metadata datetimeFirst/Last tidak mencakup periode terpilih,,,,,,,,,,,,
6409860,Jakarta home open storage room (19-07-2026 @ 17.01),16668746,pm25,µg/m³,HabitatMap,-6.216456709,106.829211675,,,ditolak,datetimeFirst/Last tidak tersedia/tidak cukup 30 hari,,,,,,,,,,,,
6413387,Tabanan,16694904,pm25,µg/m³,AirGradient,-8.59456160873381,115.12636083931227,2026-06-22 04:00:00+00:00,2026-09-28 18:00:00+00:00,dipilih,,720.0,1.0,0.0,406.0,36.07666666666666,32.8,5.4,132.0,19.047267462150234,22.7,44.925,87.662
6415107,zest ubud,16707717,pm25,µg/m³,AirGradient,-8.50498,115.25379,2026-06-23 09:00:00+00:00,2026-09-28 18:00:00+00:00,ditolak,coverage 52.4% < 80%,377.0,0.5236111111111111,0.0,277.0,49.18726790450928,42.9,10.0,294.0,30.62580519505715,33.9,53.1,167.96000000000004
6432409,Padang2 Uluwatu,16835170,pm25,µg/m³,AirGradient,-8.811206,115.102523,2026-07-05 09:00:00+00:00,2026-09-28 18:00:00+00:00,tidak_dipilih,"lolos QC, di luar kuota 5 (ranking lebih rendah)",720.0,1.0,0.0,310.0,15.105833333333335,12.9,0.6,63.3,10.624853136512606,5.9,22.525,39.824
6445223,SD Muhammadiyah 6/14 Palembang,16928278,pm25,µg/m³,AirGradient,-2.9581344,104.7367501,2026-07-14 23:00:00+00:00,2026-09-09 04:00:00+00:00,ditolak,metadata datetimeFirst/Last tidak mencakup periode terpilih,,,,,,,,,,,,
6455006,BMKG 1,17000275,pm25,µg/m³,AirGradient,-6.1557694,106.8423941,2026-07-22 04:00:00+00:00,2026-09-28 18:00:00+00:00,ditolak,coverage 62.5% < 80%,450.0,0.625,0.0,311.0,59.57244444444445,53.900000000000006,22.2,236.0,21.168551405838528,45.525,71.625,109.0
6464186,Pantai Nyanyi,17066585,pm25,µg/m³,AirGradient,-8.6158136,115.1116163,2026-07-28 13:00:00+00:00,2026-09-28 18:00:00+00:00,tidak_dipilih,"lolos QC, di luar kuota 5 (ranking lebih rendah)",658.0,0.9138888888888889,0.0,388.0,39.23890577507599,35.3,4.9,157.0,19.479086236970495,26.275,46.9,97.88600000000001
6488423,Raya Pererenan dan Tumbakbayuh,17244026,pm25,µg/m³,AirGradient,-8.6322931,115.1335655,2026-08-14 12:00:00+00:00,2026-09-28 18:00:00+00:00,tidak_dipilih,"lolos QC, di luar kuota 5 (ranking lebih rendah)",705.0,0.9791666666666666,0.0,351.0,32.28609929078015,29.5,0.0,87.9,14.004300464350555,21.8,39.5,68.29199999999999
6489590,Sibang Eco Village Car Park,17252598,pm25,µg/m³,AirGradient,-8.574738,115.214613,2026-08-15 03:00:00+00:00,2026-09-28 18:00:00+00:00,dipilih,,720.0,1.0,0.0,412.0,35.82361111111111,34.150000000000006,5.3,108.0,15.861448027662219,25.2,44.2,76.162
6491121,Bindu Ricefields,17265641,pm25,µg/m³,AirGradient,-8.532428350421988,115.23403561026724,2026-08-16 09:00:00+00:00,2026-09-28 18:00:00+00:00,tidak_dipilih,"lolos QC, di luar kuota 5 (ranking lebih rendah)",702.0,0.975,0.0,421.0,43.79985754985755,38.0,7.0,307.0,27.328965732814112,29.025,49.35,126.86000000000013
6494236,Bali - Canggu - Padang Linjong,17286751,pm25,µg/m³,AirGradient,-8.639718800071547,115.13980229563802,2026-08-18 04:00:00+00:00,2026-09-28 18:00:00+00:00,dipilih,,720.0,1.0,0.0,386.0,30.760833333333338,27.85,6.2,141.0,16.598615635926006,20.1,36.625,75.724
6494341,Shiva Industries,17287510,pm25,µg/m³,AirGradient,-8.6418293,115.1994208,2026-08-18 06:00:00+00:00,2026-09-28 18:00:00+00:00,ditolak,coverage 59.0% < 80%,425.0,0.5902777777777778,0.0,288.0,38.19505882352941,32.8,7.6,119.0,19.91535742526979,25.4,43.7,101.03999999999996
6496045,Sibang Kaja - Sogil Brew,17299934,pm25,µg/m³,AirGradient,-8.5677498,115.2126491,2026-08-19 06:00:00+00:00,2026-09-28 18:00:00+00:00,dipilih,,720.0,1.0,0.0,398.0,34.40902777777778,32.7,5.4,128.0,16.768909212007873,23.5,42.625,75.948
6496046,Pererenan,17299939,pm25,µg/m³,AirGradient,-8.64472227054609,115.1254933477104,2026-08-19 06:00:00+00:00,2026-08-19 09:00:00+00:00,ditolak,datetimeFirst/Last tidak tersedia/tidak cukup 30 hari,,,,,,,,,,,,
6496264,Nyambu,17301510,pm25,µg/m³,AirGradient,-8.583793,115.13047,2026-08-19 09:00:00+00:00,2026-09-28 18:00:00+00:00,dipilih,,720.0,1.0,0.0,423.0,40.60513888888889,36.6,6.9,356.0,25.47669394980667,27.0,48.025,101.62
6498140,Sibang22,17315229,pm25,µg/m³,AirGradient,-8.57065776243817,115.21116301576197,2026-08-20 13:00:00+00:00,2026-09-28 18:00:00+00:00,tidak_dipilih,"lolos QC, di luar kuota 5 (ranking lebih rendah)",612.0,0.85,0.0,368.0,34.8937908496732,32.2,5.8,256.0,19.250357464967134,23.2,43.425,80.72399999999998
6499122,Monitor Kdg Village,17322426,pm25,µg/m³,AirGradient,-8.604,115.09066,2026-08-21 03:00:00+00:00,2026-09-28 18:00:00+00:00,ditolak,coverage 49.0% < 80%,353.0,0.49027777777777776,0.0,259.0,45.43994334277621,42.8,13.0,163.0,18.35861257499049,32.8,52.8,91.4319999999999
6506349,Villa Malaikat,17375530,pm25,µg/m³,AirGradient,-8.534967846418004,115.27814260806699,2026-08-25 10:00:00+00:00,2026-09-28 18:00:00+00:00,tidak_dipilih,"lolos QC, di luar kuota 5 (ranking lebih rendah)",712.0,0.9888888888888889,0.0,397.0,30.280898876404493,30.1,1.8,110.0,15.571908432909698,19.7,41.1,61.167999999999985
6512368,Kerambitan Tabanan,17419702,pm25,µg/m³,AirGradient,-8.5453,115.10704,2026-08-29 01:00:00+00:00,2026-09-28 18:00:00+00:00,ditolak,datetimeFirst/Last tidak tersedia/tidak cukup 30 hari,,,,,,,,,,,,
6521504,"Jl Cempaka, Ubud",17487017,pm25,µg/m³,AirGradient,-8.53992,115.26745,2026-09-03 12:00:00+00:00,2026-09-28 18:00:00+00:00,ditolak,datetimeFirst/Last tidak tersedia/tidak cukup 30 hari,,,,,,,,,,,,
6522475,Subak Uma Lambing,17494446,pm25,µg/m³,AirGradient,-8.55929,115.22366,2026-09-04 02:00:00+00:00,2026-09-28 18:00:00+00:00,ditolak,datetimeFirst/Last tidak tersedia/tidak cukup 30 hari,,,,,,,,,,,,
6522742,Fuego Pererenan,17496010,pm25,µg/m³,AirGradient,-8.648348545374589,115.1295409108198,2026-09-04 04:00:00+00:00,2026-09-28 18:00:00+00:00,ditolak,datetimeFirst/Last tidak tersedia/tidak cukup 30 hari,,,,,,,,,,,,
6523221,"Villa Aliana, Umalas",17499504,pm25,µg/m³,AirGradient,-8.656963703639029,115.15572616524557,2026-09-04 12:00:00+00:00,2026-09-28 18:00:00+00:00,ditolak,datetimeFirst/Last tidak tersedia/tidak cukup 30 hari,,,,,,,,,,,,
6526524,6september,17523789,pm25,µg/m³,HabitatMap,-5.357914995,105.314681903,2026-09-06 12:15:56+00:00,2026-09-06 12:37:51+00:00,ditolak,datetimeFirst/Last tidak tersedia/tidak cukup 30 hari,,,,,,,,,,,,
6527233,7 sept 26 outdoor,17539519,pm25,µg/m³,HabitatMap,-5.389927654,105.310801081,2026-09-07 16:51:37+00:00,2026-09-10 06:42:22+00:00,ditolak,datetimeFirst/Last tidak tersedia/tidak cukup 30 hari,,,,,,,,,,,,
6527992,Community park,17534619,pm25,µg/m³,AirGradient,-8.62132,115.14776,2026-09-07 09:00:00+00:00,2026-09-28 18:00:00+00:00,ditolak,datetimeFirst/Last tidak tersedia/tidak cukup 30 hari,,,,,,,,,,,,
6529526,Tibubeneng — Jl. Batan Celagi,17545845,pm25,µg/m³,AirGradient,-8.6308,115.15892,2026-09-08 08:00:00+00:00,2026-09-28 18:00:00+00:00,ditolak,datetimeFirst/Last tidak tersedia/tidak cukup 30 hari,,,,,,,,,,,,
6529627,Segara Ayu Denpasar,17546934,pm25,µg/m³,AirGradient,-8.68279,115.26208,2026-09-08 10:00:00+00:00,2026-09-28 18:00:00+00:00,ditolak,datetimeFirst/Last tidak tersedia/tidak cukup 30 hari,,,,,,,,,,,,
6530859,Kaba Kaba North,17555521,pm25,µg/m³,AirGradient,-8.58406,115.14273,2026-09-09 03:00:00+00:00,2026-09-28 18:00:00+00:00,ditolak,datetimeFirst/Last tidak tersedia/tidak cukup 30 hari,,,,,,,,,,,,
6532929,Umah Gudang sensor,17571520,pm25,µg/m³,AirGradient,-8.52060412182271,115.23485645816557,2026-09-10 10:00:00+00:00,2026-09-16 07:00:00+00:00,ditolak,datetimeFirst/Last tidak tersedia/tidak cukup 30 hari,,,,,,,,,,,,
6534937,Grow in Kedungu,17585398,pm25,µg/m³,AirGradient,-8.5975721,115.0938161,2026-09-11 10:00:00+00:00,2026-09-28 18:00:00+00:00,ditolak,datetimeFirst/Last tidak tersedia/tidak cukup 30 hari,,,,,,,,,,,,
6536246,Cactus House,17595037,pm25,µg/m³,AirGradient,-8.70913,115.24927,2026-09-12 05:00:00+00:00,2026-09-28 18:00:00+00:00,ditolak,datetimeFirst/Last tidak tersedia/tidak cukup 30 hari,,,,,,,,,,,,
6539064,Gg Sungai Kerobokan,17616167,pm25,µg/m³,AirGradient,-8.65557,115.16426,2026-09-14 00:00:00+00:00,2026-09-28 18:00:00+00:00,ditolak,datetimeFirst/Last tidak tersedia/tidak cukup 30 hari,,,,,,,,,,,,
6539694,Griya Tugu Asri,17620437,pm25,µg/m³,AirGradient,-6.36319,106.84176,2026-09-14 07:00:00+00:00,2026-09-28 18:00:00+00:00,ditolak,datetimeFirst/Last tidak tersedia/tidak cukup 30 hari,,,,,,,,,,,,
6548499,Pejaten Bedha,17685073,pm25,µg/m³,AirGradient,-8.5756,115.09453,2026-09-19 13:00:00+00:00,2026-09-28 18:00:00+00:00,ditolak,datetimeFirst/Last tidak tersedia/tidak cukup 30 hari,,,,,,,,,,,,
6549689,Kulat Black Palms,17693916,pm25,µg/m³,AirGradient,-8.82654,115.09817,2026-09-20 06:00:00+00:00,2026-09-28 18:00:00+00:00,ditolak,datetimeFirst/Last tidak tersedia/tidak cukup 30 hari,,,,,,,,,,,,
6551008,Tepi Sungai,17726732,pm25,µg/m³,AirGradient,-8.5206139,115.2349252,,,ditolak,datetimeFirst/Last tidak tersedia/tidak cukup 30 hari,,,,,,,,,,,,
6551221,Madas Uluwatu,17739485,pm25,µg/m³,AirGradient,-8.83255,115.10771,2026-09-22 12:00:00+00:00,2026-09-28 18:00:00+00:00,ditolak,datetimeFirst/Last tidak tersedia/tidak cukup 30 hari,,,,,,,,,,,,
